order_key,customer_key,order_timestamp,order_status,payment_method,shipping_region,fulfillment_center
ORD-000001,CUST-000145,2024-09-29 03:36:00,Delivered,Direct Bank Transfer,NC,FC-East-01
ORD-000002,CUST-000601,2026-04-04 16:16:00,Delivered,Buy Now Pay Later,FL,FC-East-01
ORD-000003,CUST-000624,2024-06-05 10:21:00,Delivered,Direct Bank Transfer,MI,FC-South-04
ORD-000004,CUST-000244,2025-04-09 06:09:00,Delivered,Credit Card,FL,FC-West-02
ORD-000005,CUST-000285,2025-04-26 13:16:00,Delivered,Direct Bank Transfer,GA,FC-East-01
ORD-000006,CUST-000553,2025-02-18 22:07:00,Delivered,Apple Pay,OH,FC-North-05
ORD-000007,CUST-000492,2025-12-31 07:17:00,Processing,PayPal,GA,FC-Central-03
ORD-000008,CUST-000381,2026-05-22 09:01:00,Delivered,Direct Bank Transfer,MI,FC-East-01
ORD-000009,CUST-000056,2026-01-08 21:15:00,Processing,Apple Pay,OH,FC-North-05
ORD-000010,CUST-000320,2025-11-16 22:23:00,Delivered,Credit Card,FL,FC-North-05
ORD-000011,CUST-000459,2025-03-04 00:58:00,Delivered,Buy Now Pay Later,IL,FC-Central-03
ORD-000012,CUST-000094,2026-05-23 07:19:00,Shipped,PayPal,GA,FC-West-02
ORD-000013,CUST-000328,2026-07-20 20:26:00,Processing,Credit Card,CA,FC-Central-03
ORD-000014,CUST-000510,2025-05-28 23:26:00,Delivered,Apple Pay,CA,FC-South-04
ORD-000015,CUST-000166,2026-01-16 08:32:00,Cancelled,Credit Card,OH,FC-Central-03
ORD-000016,CUST-000626,2026-02-16 17:47:00,Delivered,Apple Pay,MI,FC-South-04
ORD-000017,CUST-000029,2026-03-22 01:41:00,Delivered,PayPal,CO,FC-South-04
ORD-000018,CUST-000141,2024-02-04 12:12:00,Returned,Apple Pay,WA,FC-Central-03
ORD-000019,CUST-000085,2024-05-24 05:15:00,Delivered,Direct Bank Transfer,WA,FC-West-02
ORD-000020,CUST-000426,2026-04-22 10:28:00,Shipped,Buy Now Pay Later,IL,FC-West-02
ORD-000021,CUST-000179,2026-01-04 18:52:00,Delivered,Apple Pay,FL,FC-Central-03
ORD-000022,CUST-000087,2025-03-31 11:11:00,Shipped,Buy Now Pay Later,WA,FC-South-04
ORD-000023,CUST-000232,2024-02-22 00:59:00,Delivered,Direct Bank Transfer,CO,FC-North-05
ORD-000024,CUST-000237,2024-05-02 14:12:00,Delivered,Apple Pay,NY,FC-West-02
ORD-000025,CUST-000415,2025-10-25 13:38:00,Delivered,Apple Pay,CA,FC-West-02
ORD-000026,CUST-000381,2024-07-24 18:07:00,Delivered,Credit Card,OH,FC-North-05
ORD-000027,CUST-000470,2026-05-28 21:31:00,Delivered,Credit Card,MI,FC-West-02
ORD-000028,CUST-000211,2024-08-14 08:18:00,Delivered,Buy Now Pay Later,TX,FC-South-04
ORD-000029,CUST-000447,2026-06-26 06:38:00,Delivered,PayPal,MI,FC-Central-03
ORD-000030,CUST-000195,2025-04-04 05:26:00,Delivered,PayPal,IL,FC-East-01
ORD-000032,CUST-000475,2024-04-28 00:30:00,Shipped,PayPal,MI,FC-Central-03
ORD-000033,CUST-000412,2026-01-04 06:45:00,Delivered,Buy Now Pay Later,MI,FC-South-04
ORD-000034,CUST-000621,2024-10-20 02:06:00,Shipped,Direct Bank Transfer,NY,FC-East-01
ORD-000035,CUST-000345,2024-09-28 15:58:00,Delivered,Apple Pay,CO,FC-North-05
ORD-000036,CUST-000622,2026-01-27 23:51:00,Processing,Credit Card,IL,FC-East-01
ORD-000037,CUST-000523,2025-10-27 12:19:00,Delivered,Buy Now Pay Later,TX,FC-Central-03
ORD-000038,CUST-000579,2024-03-14 18:11:00,Delivered,Apple Pay,NC,FC-West-02
ORD-000039,CUST-000511,2025-01-13 14:08:00,Delivered,Credit Card,MI,FC-Central-03
ORD-000041,CUST-000132,2025-06-26 08:47:00,Delivered,Apple Pay,IL,FC-South-04
ORD-000042,CUST-000272,2025-10-20 08:33:00,Delivered,Apple Pay,TX,FC-South-04
ORD-000043,CUST-000327,2026-02-24 15:48:00,Returned,PayPal,CO,FC-North-05
ORD-000045,CUST-000037,2025-05-27 08:10:00,Delivered,Buy Now Pay Later,CA,FC-South-04
ORD-000046,CUST-000513,2024-03-13 14:22:00,Returned,Direct Bank Transfer,GA,FC-South-04
ORD-000047,CUST-000511,2024-05-26 23:55:00,Delivered,PayPal,PA,FC-East-01
ORD-000048,CUST-000097,2024-08-27 09:11:00,Delivered,PayPal,IL,FC-North-05
ORD-000050,CUST-000591,2024-08-03 13:58:00,Processing,Credit Card,GA,FC-West-02
ORD-000051,CUST-000098,2025-01-02 00:18:00,Delivered,Credit Card,PA,FC-South-04
ORD-000052,CUST-000613,2024-05-19 10:09:00,Delivered,Credit Card,GA,FC-East-01
ORD-000053,CUST-000497,2025-05-10 20:17:00,Delivered,Direct Bank Transfer,PA,FC-East-01
ORD-000054,CUST-000045,2025-12-03 19:28:00,Delivered,Apple Pay,TX,FC-North-05
ORD-000056,CUST-000073,2025-08-14 19:24:00,Delivered,Credit Card,IL,FC-South-04
ORD-000057,CUST-000184,2024-10-03 12:05:00,Delivered,Credit Card,TX,FC-West-02
ORD-000058,CUST-000402,2026-04-09 12:18:00,Shipped,PayPal,IL,FC-East-01
ORD-000059,CUST-000509,2026-05-01 13:47:00,Delivered,Apple Pay,TX,FC-North-05
ORD-000060,CUST-000372,2025-12-13 03:53:00,Delivered,Apple Pay,FL,FC-North-05
ORD-000061,CUST-000508,2025-05-02 12:30:00,Delivered,Apple Pay,WA,FC-North-05
ORD-000063,CUST-000450,2025-11-07 13:05:00,Delivered,Credit Card,PA,FC-North-05
ORD-000064,CUST-000480,2025-12-24 07:41:00,Delivered,PayPal,NC,FC-South-04
ORD-000065,CUST-000544,2024-04-26 09:29:00,Delivered,Buy Now Pay Later,GA,FC-East-01
ORD-000066,CUST-000311,2024-07-02 04:43:00,Delivered,Apple Pay,NC,FC-West-02
ORD-000068,CUST-000532,2024-05-21 16:27:00,Shipped,Buy Now Pay Later,GA,FC-East-01
ORD-000069,CUST-000589,2026-05-13 08:22:00,Delivered,Apple Pay,CA,FC-North-05
ORD-000070,CUST-000522,2024-02-17 03:47:00,Shipped,Buy Now Pay Later,TX,FC-West-02
ORD-000071,CUST-000407,2024-03-18 02:26:00,Returned,Apple Pay,WA,FC-Central-03
ORD-000072,CUST-000471,2026-03-17 21:28:00,Delivered,Direct Bank Transfer,PA,FC-Central-03
ORD-000073,CUST-000193,2024-09-04 05:05:00,Delivered,Direct Bank Transfer,CO,FC-Central-03
ORD-000074,CUST-000110,2025-04-20 17:01:00,Delivered,Credit Card,CA,FC-South-04
ORD-000075,CUST-000014,2024-07-25 20:30:00,Shipped,Buy Now Pay Later,CO,FC-South-04
ORD-000076,CUST-000626,2026-02-13 15:19:00,Delivered,Direct Bank Transfer,PA,FC-North-05
ORD-000077,CUST-000409,2026-05-04 09:05:00,Delivered,PayPal,NY,FC-West-02
ORD-000078,CUST-000197,2024-05-25 00:44:00,Delivered,PayPal,FL,FC-East-01
ORD-000079,CUST-000498,2025-11-26 04:41:00,Processing,PayPal,CO,FC-South-04
ORD-000080,CUST-000558,2024-08-14 02:19:00,Delivered,Buy Now Pay Later,GA,FC-West-02
ORD-000081,CUST-000438,2024-02-23 03:10:00,Delivered,PayPal,GA,FC-South-04
ORD-000082,CUST-000488,2024-02-21 14:37:00,Delivered,PayPal,IL,FC-West-02
ORD-000083,CUST-000590,2026-05-30 12:03:00,Returned,Apple Pay,CA,FC-East-01
ORD-000084,CUST-000448,2025-04-01 15:47:00,Delivered,Direct Bank Transfer,MI,FC-North-05
ORD-000086,CUST-000614,2026-02-12 19:59:00,Processing,Buy Now Pay Later,MI,FC-West-02
ORD-000087,CUST-000063,2025-07-25 00:27:00,Cancelled,Direct Bank Transfer,NC,FC-Central-03
ORD-000088,CUST-000066,2024-11-01 20:26:00,Delivered,Buy Now Pay Later,GA,FC-East-01
ORD-000089,CUST-000647,2025-11-23 11:28:00,Delivered,Buy Now Pay Later,TX,FC-East-01
ORD-000090,CUST-000298,2026-02-13 06:30:00,Shipped,Apple Pay,FL,FC-South-04
ORD-000091,CUST-000526,2024-09-12 18:58:00,Processing,Apple Pay,MI,FC-North-05
ORD-000092,CUST-000485,2024-06-14 09:46:00,Delivered,Buy Now Pay Later,CO,FC-South-04
ORD-000093,CUST-000373,2026-04-26 15:51:00,Delivered,PayPal,FL,FC-North-05
ORD-000094,CUST-000293,2026-01-08 23:05:00,Shipped,Buy Now Pay Later,TX,FC-West-02
ORD-000095,CUST-000207,2024-07-10 19:31:00,Shipped,Credit Card,GA,FC-South-04
ORD-000096,CUST-000314,2024-09-28 06:35:00,Shipped,Credit Card,PA,FC-East-01
ORD-000097,CUST-000270,2025-01-31 21:10:00,Delivered,PayPal,NY,FC-North-05
ORD-000098,CUST-000066,2025-01-11 13:07:00,Delivered,Direct Bank Transfer,CA,FC-West-02
ORD-000099,CUST-000582,2024-09-17 15:16:00,Cancelled,Apple Pay,NY,FC-Central-03
ORD-000101,CUST-000108,2026-01-24 01:59:00,Shipped,Buy Now Pay Later,CA,FC-South-04
ORD-000102,CUST-000110,2026-04-11 19:39:00,Delivered,Credit Card,NY,FC-North-05
ORD-000103,CUST-000526,2024-05-18 05:40:00,Delivered,Credit Card,PA,FC-West-02
ORD-000104,CUST-000162,2026-02-15 09:45:00,Shipped,Buy Now Pay Later,GA,FC-North-05
ORD-000105,CUST-000103,2024-07-07 20:23:00,Delivered,Apple Pay,CA,FC-West-02
ORD-000106,CUST-000209,2025-04-25 13:49:00,Returned,Credit Card,GA,FC-West-02
ORD-000108,CUST-000430,2025-02-04 20:42:00,Delivered,PayPal,NC,FC-West-02
ORD-000109,CUST-000437,2026-04-17 07:08:00,Processing,Buy Now Pay Later,OH,FC-South-04
ORD-000110,CUST-000475,2026-06-22 16:50:00,Delivered,Apple Pay,GA,FC-East-01
ORD-000111,CUST-000151,2026-03-30 00:45:00,Delivered,Direct Bank Transfer,CA,FC-East-01
ORD-000112,CUST-000351,2024-12-19 12:49:00,Delivered,PayPal,NY,FC-South-04
ORD-000113,CUST-000407,2026-03-19 01:42:00,Delivered,PayPal,NY,FC-North-05
ORD-000114,CUST-000539,2024-11-29 13:25:00,Delivered,Direct Bank Transfer,MI,FC-Central-03
ORD-000115,CUST-000325,2025-01-18 00:52:00,Delivered,Apple Pay,WA,FC-North-05
ORD-000116,CUST-000152,2026-01-18 12:28:00,Cancelled,PayPal,WA,FC-North-05
ORD-000117,CUST-000643,2025-11-29 14:44:00,Delivered,Apple Pay,FL,FC-South-04
ORD-000118,CUST-000312,2024-04-27 01:34:00,Delivered,Apple Pay,MI,FC-South-04
ORD-000122,CUST-000115,2026-02-19 01:53:00,Delivered,Apple Pay,CO,FC-Central-03
ORD-000123,CUST-000526,2025-01-28 03:03:00,Delivered,Credit Card,IL,FC-South-04
ORD-000124,CUST-000593,2026-02-24 00:29:00,Delivered,Apple Pay,MI,FC-West-02
ORD-000125,CUST-000602,2025-09-02 22:57:00,Returned,Direct Bank Transfer,FL,FC-North-05
ORD-000126,CUST-000363,2024-12-03 09:42:00,Delivered,Direct Bank Transfer,MI,FC-West-02
ORD-000127,CUST-000391,2025-07-17 23:15:00,Delivered,Credit Card,NC,FC-Central-03
ORD-000128,CUST-000603,2024-08-16 11:29:00,Shipped,Credit Card,MI,FC-West-02
ORD-000129,CUST-000441,2026-05-29 13:05:00,Processing,Credit Card,OH,FC-East-01
ORD-000130,CUST-000135,2025-06-02 06:28:00,Delivered,Credit Card,CO,FC-Central-03
ORD-000131,CUST-000545,2025-03-19 18:35:00,Delivered,Direct Bank Transfer,IL,FC-South-04
ORD-000132,CUST-000606,2025-06-25 20:27:00,Delivered,Buy Now Pay Later,MI,FC-South-04
ORD-000133,CUST-000432,2026-05-24 05:09:00,Delivered,Direct Bank Transfer,GA,FC-West-02
ORD-000134,CUST-000474,2024-06-12 22:32:00,Delivered,Direct Bank Transfer,MI,FC-East-01
ORD-000136,CUST-000123,2025-10-09 13:07:00,Delivered,Credit Card,WA,FC-Central-03
ORD-000137,CUST-000300,2024-03-13 16:09:00,Delivered,Credit Card,IL,FC-Central-03
ORD-000139,CUST-000612,2025-04-07 01:59:00,Delivered,Apple Pay,FL,FC-Central-03
ORD-000140,CUST-000189,2026-05-19 23:31:00,Delivered,Credit Card,NC,FC-East-01
ORD-000141,CUST-000362,2024-04-10 01:26:00,Delivered,Buy Now Pay Later,IL,FC-North-05
ORD-000142,CUST-000586,2025-05-09 10:50:00,Delivered,Buy Now Pay Later,MI,FC-South-04
ORD-000143,CUST-000630,2024-06-15 04:32:00,Delivered,Buy Now Pay Later,CO,FC-South-04
ORD-000144,CUST-000465,2024-07-02 23:20:00,Shipped,Credit Card,CO,FC-North-05
ORD-000145,CUST-000648,2025-03-26 12:14:00,Processing,Buy Now Pay Later,NC,FC-Central-03
ORD-000146,CUST-000047,2025-12-18 14:47:00,Cancelled,Apple Pay,TX,FC-East-01
ORD-000147,CUST-000026,2025-09-08 20:50:00,Returned,Apple Pay,CO,FC-North-05
ORD-000149,CUST-000597,2026-03-17 01:36:00,Returned,Direct Bank Transfer,GA,FC-West-02
ORD-000150,CUST-000521,2024-02-20 03:42:00,Delivered,Direct Bank Transfer,NY,FC-West-02
ORD-000151,CUST-000285,2026-04-16 06:15:00,Delivered,Direct Bank Transfer,CA,FC-South-04
ORD-000152,CUST-000553,2025-10-14 10:25:00,Delivered,Direct Bank Transfer,GA,FC-East-01
ORD-000153,CUST-000024,2025-01-14 13:11:00,Delivered,Buy Now Pay Later,NC,FC-East-01
ORD-000154,CUST-000328,2025-02-26 08:05:00,Delivered,Credit Card,NC,FC-East-01
ORD-000155,CUST-000174,2024-11-19 04:11:00,Processing,Apple Pay,TX,FC-East-01
ORD-000156,CUST-000318,2025-03-24 21:10:00,Delivered,Credit Card,PA,FC-North-05
ORD-000157,CUST-000187,2024-02-28 22:03:00,Delivered,Apple Pay,CA,FC-South-04
ORD-000158,CUST-000332,2024-06-25 13:57:00,Delivered,Apple Pay,OH,FC-Central-03
ORD-000159,CUST-000125,2024-03-25 06:15:00,Delivered,Direct Bank Transfer,FL,FC-North-05
ORD-000160,CUST-000511,2025-07-05 16:24:00,Delivered,Credit Card,NY,FC-Central-03
ORD-000161,CUST-000329,2025-05-21 17:26:00,Processing,Credit Card,NY,FC-South-04
ORD-000162,CUST-000423,2025-11-10 07:58:00,Delivered,Credit Card,NC,FC-Central-03
ORD-000163,CUST-000608,2025-12-23 03:15:00,Shipped,Direct Bank Transfer,IL,FC-West-02
ORD-000164,CUST-000588,2025-03-23 14:05:00,Delivered,Direct Bank Transfer,TX,FC-West-02
ORD-000165,CUST-000387,2025-08-07 05:50:00,Delivered,PayPal,OH,FC-North-05
ORD-000166,CUST-000575,2025-05-08 01:00:00,Delivered,Buy Now Pay Later,IL,FC-North-05
ORD-000167,CUST-000173,2024-02-01 01:59:00,Shipped,Buy Now Pay Later,WA,FC-Central-03
ORD-000168,CUST-000259,2026-06-09 21:24:00,Shipped,Apple Pay,WA,FC-West-02
ORD-000169,CUST-000529,2024-11-15 01:10:00,Delivered,Direct Bank Transfer,CA,FC-North-05
ORD-000170,CUST-000311,2024-05-02 12:44:00,Cancelled,Credit Card,MI,FC-West-02
ORD-000171,CUST-000576,2024-11-13 13:13:00,Delivered,Direct Bank Transfer,PA,FC-North-05
ORD-000172,CUST-000355,2025-11-12 08:48:00,Processing,Buy Now Pay Later,FL,FC-Central-03
ORD-000173,CUST-000334,2025-01-15 06:29:00,Delivered,Direct Bank Transfer,NY,FC-Central-03
ORD-000174,CUST-000138,2025-11-23 00:38:00,Delivered,Buy Now Pay Later,NY,FC-East-01
ORD-000175,CUST-000179,2025-03-30 17:57:00,Processing,Buy Now Pay Later,NC,FC-South-04
ORD-000176,CUST-000084,2026-04-17 20:41:00,Delivered,Credit Card,NY,FC-North-05
ORD-000177,CUST-000461,2025-12-20 03:22:00,Delivered,Buy Now Pay Later,PA,FC-North-05
ORD-000178,CUST-000401,2024-07-31 22:00:00,Delivered,Credit Card,PA,FC-South-04
ORD-000179,CUST-000199,2025-05-01 00:14:00,Delivered,Credit Card,CO,FC-Central-03
ORD-000180,CUST-000371,2024-08-15 02:52:00,Delivered,Direct Bank Transfer,MI,FC-Central-03
ORD-000181,CUST-000229,2024-09-27 15:23:00,Processing,Credit Card,GA,FC-Central-03
ORD-000182,CUST-000630,2024-09-02 00:12:00,Processing,Buy Now Pay Later,IL,FC-East-01
ORD-000183,CUST-000589,2025-06-27 15:10:00,Delivered,Direct Bank Transfer,CO,FC-West-02
ORD-000185,CUST-000611,2024-06-11 23:04:00,Delivered,PayPal,WA,FC-Central-03
ORD-000186,CUST-000236,2025-07-20 23:50:00,Delivered,Apple Pay,CO,FC-West-02
ORD-000187,CUST-000024,2026-01-10 21:34:00,Delivered,Direct Bank Transfer,CO,FC-Central-03
ORD-000188,CUST-000580,2025-05-10 00:27:00,Cancelled,Credit Card,OH,FC-Central-03
ORD-000189,CUST-000422,2024-11-07 03:43:00,Processing,Direct Bank Transfer,GA,FC-South-04
ORD-000190,CUST-000375,2025-07-14 01:56:00,Shipped,PayPal,IL,FC-East-01
ORD-000192,CUST-000347,2024-04-24 18:51:00,Delivered,Credit Card,MI,FC-West-02
ORD-000194,CUST-000065,2025-11-03 20:06:00,Delivered,Credit Card,OH,FC-South-04
ORD-000195,CUST-000025,2025-09-29 20:59:00,Delivered,Apple Pay,FL,FC-Central-03
ORD-000196,CUST-000112,2025-05-30 07:21:00,Delivered,Credit Card,NC,FC-Central-03
ORD-000197,CUST-000245,2024-04-15 19:39:00,Delivered,Buy Now Pay Later,CO,FC-East-01
ORD-000198,CUST-000463,2025-09-15 03:05:00,Returned,Credit Card,OH,FC-East-01
ORD-000199,CUST-000324,2026-06-18 22:04:00,Delivered,PayPal,GA,FC-East-01
ORD-000200,CUST-000057,2024-12-05 19:40:00,Returned,Buy Now Pay Later,CA,FC-East-01
ORD-000201,CUST-000058,2025-08-26 01:18:00,Delivered,Buy Now Pay Later,CA,FC-South-04
ORD-000202,CUST-000642,2026-03-12 13:14:00,Delivered,Direct Bank Transfer,NY,FC-North-05
ORD-000203,CUST-000470,2025-02-28 14:50:00,Delivered,Buy Now Pay Later,WA,FC-North-05
ORD-000204,CUST-000105,2025-01-13 20:43:00,Delivered,Credit Card,NC,FC-South-04
ORD-000205,CUST-000341,2025-09-24 06:06:00,Delivered,Credit Card,WA,FC-East-01
ORD-000206,CUST-000070,2025-09-30 06:57:00,Delivered,Direct Bank Transfer,CO,FC-West-02
ORD-000207,CUST-000528,2024-10-20 11:26:00,Cancelled,Buy Now Pay Later,GA,FC-North-05
ORD-000208,CUST-000192,2024-10-06 04:51:00,Delivered,Credit Card,TX,FC-East-01
ORD-000209,CUST-000323,2025-09-21 13:32:00,Delivered,Apple Pay,WA,FC-Central-03
ORD-000210,CUST-000561,2026-04-05 04:09:00,Delivered,Buy Now Pay Later,WA,FC-Central-03
ORD-000211,CUST-000356,2024-11-25 11:00:00,Delivered,Direct Bank Transfer,CO,FC-North-05
ORD-000213,CUST-000357,2024-08-19 06:40:00,Delivered,PayPal,PA,FC-East-01
ORD-000214,CUST-000195,2025-12-15 15:44:00,Returned,Buy Now Pay Later,MI,FC-North-05
ORD-000215,CUST-000344,2026-06-22 18:36:00,Shipped,Apple Pay,IL,FC-North-05
ORD-000216,CUST-000434,2025-01-02 05:06:00,Shipped,Buy Now Pay Later,GA,FC-East-01
ORD-000217,CUST-000227,2024-02-04 20:14:00,Delivered,PayPal,WA,FC-South-04
ORD-000218,CUST-000221,2024-10-02 15:47:00,Delivered,Apple Pay,FL,FC-South-04
ORD-000219,CUST-000414,2024-08-07 00:23:00,Cancelled,Credit Card,PA,FC-East-01
ORD-000220,CUST-000031,2025-08-22 03:09:00,Delivered,Apple Pay,FL,FC-South-04
ORD-000221,CUST-000607,2026-03-25 11:02:00,Delivered,Credit Card,FL,FC-West-02
ORD-000222,CUST-000294,2024-07-28 07:56:00,Delivered,Apple Pay,PA,FC-West-02
ORD-000224,CUST-000105,2024-02-22 21:08:00,Delivered,Buy Now Pay Later,PA,FC-East-01
ORD-000225,CUST-000218,2024-12-09 14:15:00,Shipped,Apple Pay,CO,FC-Central-03
ORD-000227,CUST-000149,2024-06-13 06:12:00,Delivered,Direct Bank Transfer,MI,FC-South-04
ORD-000228,CUST-000388,2024-12-22 19:27:00,Cancelled,PayPal,WA,FC-East-01
ORD-000229,CUST-000609,2024-08-12 17:18:00,Delivered,PayPal,FL,FC-Central-03
ORD-000231,CUST-000507,2024-09-02 23:05:00,Delivered,Buy Now Pay Later,CA,FC-North-05
ORD-000234,CUST-000500,2026-02-02 15:30:00,Delivered,Apple Pay,OH,FC-North-05
ORD-000235,CUST-000605,2025-11-27 01:13:00,Delivered,PayPal,GA,FC-West-02
ORD-000236,CUST-000243,2025-03-12 06:19:00,Delivered,Buy Now Pay Later,WA,FC-South-04
ORD-000237,CUST-000162,2026-06-12 11:16:00,Delivered,Direct Bank Transfer,TX,FC-East-01
ORD-000238,CUST-000087,2024-11-29 14:33:00,Delivered,Apple Pay,WA,FC-West-02
ORD-000239,CUST-000043,2025-05-22 16:39:00,Delivered,Apple Pay,GA,FC-South-04
ORD-000240,CUST-000484,2025-04-18 13:23:00,Cancelled,Buy Now Pay Later,IL,FC-Central-03
ORD-000241,CUST-000396,2024-02-26 05:28:00,Delivered,PayPal,CO,FC-Central-03
ORD-000242,CUST-000078,2025-02-02 02:18:00,Shipped,Direct Bank Transfer,NC,FC-North-05
ORD-000243,CUST-000081,2026-04-15 08:59:00,Delivered,PayPal,CA,FC-East-01
ORD-000245,CUST-000342,2024-10-14 09:47:00,Delivered,Apple Pay,MI,FC-West-02
ORD-000246,CUST-000628,2024-06-21 22:47:00,Delivered,Direct Bank Transfer,NY,FC-Central-03
ORD-000247,CUST-000310,2024-11-15 11:50:00,Returned,Buy Now Pay Later,WA,FC-South-04
ORD-000248,CUST-000013,2025-05-29 20:32:00,Delivered,PayPal,FL,FC-South-04
ORD-000249,CUST-000235,2026-02-10 23:13:00,Delivered,Buy Now Pay Later,NC,FC-West-02
ORD-000250,CUST-000609,2026-04-15 17:48:00,Delivered,Buy Now Pay Later,PA,FC-South-04
ORD-000251,CUST-000088,2024-12-17 06:27:00,Processing,Buy Now Pay Later,GA,FC-West-02
ORD-000252,CUST-000466,2026-06-23 17:01:00,Delivered,Apple Pay,WA,FC-West-02
ORD-000253,CUST-000133,2024-12-09 23:00:00,Delivered,Buy Now Pay Later,PA,FC-Central-03
ORD-000254,CUST-000233,2025-04-05 13:43:00,Processing,Buy Now Pay Later,IL,FC-North-05
ORD-000255,CUST-000338,2025-09-24 00:36:00,Shipped,Credit Card,TX,FC-West-02
ORD-000256,CUST-000343,2025-09-04 20:51:00,Returned,Direct Bank Transfer,WA,FC-North-05
ORD-000257,CUST-000405,2025-02-25 06:25:00,Delivered,Credit Card,OH,FC-North-05
ORD-000258,CUST-000194,2025-06-01 03:21:00,Delivered,Direct Bank Transfer,CO,FC-South-04
ORD-000259,CUST-000315,2024-05-06 05:06:00,Delivered,Direct Bank Transfer,NY,FC-West-02
ORD-000260,CUST-000627,2025-06-15 00:11:00,Cancelled,PayPal,OH,FC-East-01
ORD-000261,CUST-000294,2024-08-29 07:18:00,Delivered,Direct Bank Transfer,GA,FC-East-01
ORD-000262,CUST-000059,2025-02-12 16:00:00,Shipped,PayPal,OH,FC-Central-03
ORD-000263,CUST-000405,2024-07-10 03:08:00,Delivered,Direct Bank Transfer,GA,FC-South-04
ORD-000264,CUST-000071,2025-03-05 06:08:00,Delivered,PayPal,OH,FC-Central-03
ORD-000265,CUST-000492,2024-07-12 19:36:00,Delivered,Apple Pay,FL,FC-North-05
ORD-000266,CUST-000521,2026-02-03 21:29:00,Delivered,Apple Pay,NY,FC-West-02
ORD-000267,CUST-000148,2025-05-02 02:52:00,Cancelled,Buy Now Pay Later,FL,FC-North-05
ORD-000268,CUST-000545,2025-01-02 18:56:00,Delivered,Buy Now Pay Later,GA,FC-South-04
ORD-000269,CUST-000596,2024-03-12 23:05:00,Delivered,Apple Pay,PA,FC-South-04
ORD-000270,CUST-000308,2025-03-07 19:52:00,Delivered,PayPal,FL,FC-South-04
ORD-000271,CUST-000185,2025-10-25 23:27:00,Delivered,Buy Now Pay Later,CO,FC-South-04
ORD-000272,CUST-000189,2026-01-16 18:06:00,Delivered,Buy Now Pay Later,FL,FC-East-01
ORD-000273,CUST-000163,2024-11-07 20:34:00,Delivered,Apple Pay,MI,FC-East-01
ORD-000274,CUST-000225,2025-06-20 13:48:00,Delivered,Direct Bank Transfer,PA,FC-East-01
ORD-000275,CUST-000079,2026-03-15 03:32:00,Delivered,Apple Pay,GA,FC-South-04
ORD-000276,CUST-000170,2024-10-16 06:32:00,Delivered,Credit Card,NY,FC-South-04
ORD-000278,CUST-000413,2026-06-26 06:25:00,Delivered,Credit Card,IL,FC-East-01
ORD-000279,CUST-000119,2026-01-27 04:20:00,Delivered,Buy Now Pay Later,GA,FC-South-04
ORD-000280,CUST-000070,2024-04-25 17:42:00,Delivered,PayPal,TX,FC-South-04
ORD-000281,CUST-000488,2026-05-21 08:53:00,Shipped,PayPal,NY,FC-West-02
ORD-000283,CUST-000405,2024-07-22 02:42:00,Delivered,Credit Card,TX,FC-Central-03
ORD-000284,CUST-000457,2025-02-01 05:13:00,Delivered,Credit Card,FL,FC-North-05
ORD-000285,CUST-000458,2026-01-14 01:53:00,Delivered,Direct Bank Transfer,OH,FC-East-01
ORD-000286,CUST-000319,2025-04-30 01:38:00,Delivered,Credit Card,OH,FC-East-01
ORD-000287,CUST-000209,2024-10-13 11:58:00,Delivered,PayPal,CA,FC-West-02
ORD-000288,CUST-000017,2025-04-07 00:00:00,Delivered,Apple Pay,CO,FC-West-02
ORD-000289,CUST-000065,2024-09-13 03:51:00,Delivered,PayPal,NY,FC-West-02
ORD-000290,CUST-000431,2025-07-09 03:52:00,Cancelled,Apple Pay,NC,FC-Central-03
ORD-000291,CUST-000196,2025-11-01 06:59:00,Delivered,Direct Bank Transfer,OH,FC-South-04
ORD-000292,CUST-000125,2024-09-25 06:06:00,Delivered,Apple Pay,TX,FC-Central-03
ORD-000293,CUST-000016,2025-03-18 20:20:00,Delivered,Credit Card,FL,FC-South-04
ORD-000294,CUST-000475,2024-09-13 02:42:00,Returned,Apple Pay,PA,FC-North-05
ORD-000295,CUST-000045,2024-04-09 06:26:00,Delivered,Apple Pay,GA,FC-North-05
ORD-000296,CUST-000106,2026-01-30 17:50:00,Delivered,Direct Bank Transfer,IL,FC-West-02
ORD-000297,CUST-000099,2025-10-07 10:40:00,Delivered,Buy Now Pay Later,PA,FC-West-02
ORD-000299,CUST-000019,2025-10-16 18:28:00,Returned,Buy Now Pay Later,CO,FC-North-05
ORD-000300,CUST-000241,2025-06-30 18:45:00,Delivered,Credit Card,NY,FC-West-02
ORD-000301,CUST-000641,2026-03-19 03:19:00,Delivered,PayPal,FL,FC-South-04
ORD-000302,CUST-000644,2024-04-22 01:08:00,Delivered,Apple Pay,IL,FC-South-04
ORD-000303,CUST-000209,2024-07-05 12:13:00,Delivered,Credit Card,MI,FC-West-02
ORD-000304,CUST-000622,2025-04-30 23:56:00,Processing,Apple Pay,IL,FC-West-02
ORD-000305,CUST-000329,2025-11-21 01:33:00,Delivered,Buy Now Pay Later,NY,FC-Central-03
ORD-000306,CUST-000237,2026-06-17 23:21:00,Delivered,Apple Pay,FL,FC-West-02
ORD-000308,CUST-000540,2024-12-26 05:28:00,Processing,Credit Card,GA,FC-East-01
ORD-000309,CUST-000072,2024-08-16 01:40:00,Delivered,PayPal,TX,FC-West-02
ORD-000310,CUST-000095,2024-07-27 18:35:00,Delivered,PayPal,NC,FC-West-02
ORD-000311,CUST-000081,2025-04-12 23:29:00,Delivered,Apple Pay,MI,FC-West-02
ORD-000312,CUST-000204,2024-10-08 13:11:00,Delivered,Direct Bank Transfer,IL,FC-West-02
ORD-000315,CUST-000438,2025-07-02 19:47:00,Cancelled,Buy Now Pay Later,GA,FC-West-02
ORD-000316,CUST-000021,2026-03-22 12:27:00,Cancelled,Credit Card,WA,FC-Central-03
ORD-000317,CUST-000557,2024-07-06 17:46:00,Processing,PayPal,OH,FC-Central-03
ORD-000318,CUST-000480,2024-12-10 14:18:00,Returned,Buy Now Pay Later,WA,FC-North-05
ORD-000319,CUST-000498,2024-04-14 10:08:00,Shipped,Buy Now Pay Later,TX,FC-West-02
ORD-000320,CUST-000196,2024-02-05 00:55:00,Shipped,Direct Bank Transfer,GA,FC-Central-03
ORD-000321,CUST-000420,2025-04-01 12:47:00,Shipped,Apple Pay,GA,FC-South-04
ORD-000323,CUST-000399,2025-09-02 05:12:00,Delivered,Buy Now Pay Later,MI,FC-Central-03
ORD-000324,CUST-000361,2025-07-06 22:31:00,Delivered,Apple Pay,CO,FC-East-01
ORD-000325,CUST-000399,2025-04-10 23:15:00,Delivered,PayPal,NY,FC-South-04
ORD-000326,CUST-000375,2025-11-08 22:43:00,Delivered,Credit Card,IL,FC-West-02
ORD-000327,CUST-000629,2025-05-12 21:09:00,Delivered,Apple Pay,WA,FC-West-02
ORD-000328,CUST-000599,2025-12-10 05:00:00,Delivered,Credit Card,CO,FC-East-01
ORD-000329,CUST-000398,2025-03-14 22:37:00,Delivered,Credit Card,FL,FC-North-05
ORD-000331,CUST-000396,2025-09-23 09:46:00,Shipped,Buy Now Pay Later,CA,FC-East-01
ORD-000332,CUST-000593,2026-04-06 11:52:00,Processing,PayPal,MI,FC-Central-03
ORD-000333,CUST-000217,2026-03-08 12:44:00,Delivered,Apple Pay,TX,FC-East-01
ORD-000334,CUST-000510,2024-02-02 03:04:00,Delivered,Buy Now Pay Later,OH,FC-North-05
ORD-000335,CUST-000299,2026-02-20 13:10:00,Delivered,PayPal,TX,FC-Central-03
ORD-000336,CUST-000139,2024-08-21 15:11:00,Shipped,Direct Bank Transfer,GA,FC-East-01
ORD-000337,CUST-000587,2026-05-14 06:11:00,Shipped,PayPal,MI,FC-East-01
ORD-000338,CUST-000189,2026-05-09 06:16:00,Delivered,Buy Now Pay Later,CO,FC-South-04
ORD-000339,CUST-000649,2024-05-22 20:10:00,Shipped,Credit Card,CA,FC-Central-03
ORD-000340,CUST-000391,2024-06-07 08:04:00,Delivered,Apple Pay,WA,FC-East-01
ORD-000341,CUST-000243,2025-06-04 15:43:00,Delivered,Credit Card,NY,FC-East-01
ORD-000342,CUST-000275,2026-03-11 00:42:00,Returned,Direct Bank Transfer,CA,FC-East-01
ORD-000343,CUST-000219,2025-07-19 00:24:00,Delivered,Direct Bank Transfer,IL,FC-North-05
ORD-000344,CUST-000504,2025-05-30 10:38:00,Delivered,Buy Now Pay Later,PA,FC-Central-03
ORD-000345,CUST-000356,2024-12-19 07:23:00,Delivered,Buy Now Pay Later,WA,FC-South-04
ORD-000346,CUST-000059,2025-01-30 10:51:00,Delivered,Credit Card,GA,FC-East-01
ORD-000347,CUST-000416,2026-02-12 04:01:00,Cancelled,Direct Bank Transfer,NC,FC-East-01
ORD-000348,CUST-000290,2026-01-17 07:23:00,Returned,Buy Now Pay Later,CO,FC-North-05
ORD-000349,CUST-000492,2025-07-12 13:42:00,Delivered,PayPal,CO,FC-East-01
ORD-000350,CUST-000334,2024-02-18 20:23:00,Delivered,Credit Card,CO,FC-Central-03
ORD-000351,CUST-000460,2024-09-27 19:31:00,Shipped,Buy Now Pay Later,CA,FC-North-05
ORD-000352,CUST-000361,2025-04-14 15:42:00,Delivered,Credit Card,IL,FC-South-04
ORD-000353,CUST-000631,2024-08-18 22:09:00,Processing,Direct Bank Transfer,MI,FC-North-05
ORD-000354,CUST-000523,2024-03-04 04:31:00,Delivered,Credit Card,CO,FC-Central-03
ORD-000355,CUST-000568,2026-07-15 14:10:00,Delivered,Buy Now Pay Later,GA,FC-East-01
ORD-000356,CUST-000560,2024-10-04 07:13:00,Shipped,PayPal,CA,FC-East-01
ORD-000358,CUST-000228,2026-02-06 08:42:00,Delivered,Buy Now Pay Later,CO,FC-East-01
ORD-000359,CUST-000141,2025-08-01 20:46:00,Delivered,Buy Now Pay Later,MI,FC-East-01
ORD-000360,CUST-000345,2026-07-12 07:59:00,Delivered,Direct Bank Transfer,CA,FC-North-05
ORD-000361,CUST-000356,2025-02-21 22:47:00,Delivered,Buy Now Pay Later,OH,FC-North-05
ORD-000362,CUST-000241,2024-09-16 08:07:00,Delivered,Apple Pay,CA,FC-East-01
ORD-000363,CUST-000093,2025-01-14 23:37:00,Returned,PayPal,WA,FC-East-01
ORD-000364,CUST-000381,2024-06-10 10:24:00,Returned,Direct Bank Transfer,IL,FC-East-01
ORD-000365,CUST-000064,2025-09-27 17:12:00,Delivered,Buy Now Pay Later,PA,FC-South-04
ORD-000366,CUST-000378,2026-04-27 21:59:00,Delivered,PayPal,CO,FC-North-05
ORD-000367,CUST-000626,2025-09-27 07:06:00,Shipped,Buy Now Pay Later,NC,FC-East-01
ORD-000368,CUST-000477,2024-12-20 04:52:00,Returned,Apple Pay,GA,FC-West-02
ORD-000370,CUST-000332,2024-12-13 16:44:00,Delivered,Credit Card,MI,FC-Central-03
ORD-000371,CUST-000594,2025-06-04 20:53:00,Delivered,PayPal,IL,FC-South-04
ORD-000372,CUST-000390,2024-04-01 10:09:00,Delivered,PayPal,MI,FC-West-02
ORD-000373,CUST-000054,2026-07-06 05:54:00,Delivered,Buy Now Pay Later,IL,FC-South-04
ORD-000374,CUST-000165,2024-02-23 17:25:00,Delivered,Apple Pay,CO,FC-South-04
ORD-000375,CUST-000490,2025-01-22 12:25:00,Shipped,Credit Card,MI,FC-North-05
ORD-000376,CUST-000293,2024-11-16 22:59:00,Shipped,PayPal,OH,FC-North-05
ORD-000377,CUST-000101,2024-06-14 10:48:00,Shipped,Direct Bank Transfer,MI,FC-East-01
ORD-000378,CUST-000315,2025-05-14 20:10:00,Delivered,Direct Bank Transfer,GA,FC-West-02
ORD-000379,CUST-000500,2024-11-25 04:13:00,Delivered,PayPal,MI,FC-West-02
ORD-000380,CUST-000010,2025-02-05 23:54:00,Shipped,Direct Bank Transfer,CO,FC-East-01
ORD-000381,CUST-000153,2025-02-20 13:43:00,Shipped,PayPal,CA,FC-East-01
ORD-000382,CUST-000369,2025-05-31 05:03:00,Delivered,Credit Card,CO,FC-North-05
ORD-000383,CUST-000351,2025-09-30 13:09:00,Processing,Buy Now Pay Later,NY,FC-West-02
ORD-000384,CUST-000123,2024-10-04 12:31:00,Delivered,Apple Pay,TX,FC-North-05
ORD-000385,CUST-000389,2026-04-05 22:50:00,Processing,Credit Card,CO,FC-South-04
ORD-000386,CUST-000396,2024-11-08 20:41:00,Delivered,Buy Now Pay Later,NY,FC-Central-03
ORD-000387,CUST-000124,2024-05-30 02:07:00,Delivered,Buy Now Pay Later,FL,FC-North-05
ORD-000388,CUST-000024,2025-09-23 18:36:00,Delivered,Buy Now Pay Later,MI,FC-Central-03
ORD-000389,CUST-000098,2026-04-24 18:11:00,Delivered,Buy Now Pay Later,CO,FC-South-04
ORD-000390,CUST-000450,2024-12-02 18:08:00,Delivered,Credit Card,CA,FC-Central-03
ORD-000391,CUST-000557,2024-08-08 12:52:00,Delivered,Credit Card,NC,FC-South-04
ORD-000392,CUST-000556,2026-04-13 16:31:00,Delivered,Credit Card,WA,FC-North-05
ORD-000394,CUST-000623,2026-01-12 05:00:00,Delivered,Direct Bank Transfer,PA,FC-South-04
ORD-000395,CUST-000127,2024-03-12 04:36:00,Delivered,PayPal,CA,FC-West-02
ORD-000396,CUST-000582,2024-10-20 01:05:00,Shipped,Credit Card,IL,FC-North-05
ORD-000398,CUST-000048,2025-07-16 09:42:00,Delivered,Direct Bank Transfer,TX,FC-South-04
ORD-000399,CUST-000597,2025-06-17 22:20:00,Processing,Direct Bank Transfer,WA,FC-Central-03
ORD-000400,CUST-000558,2025-07-07 06:44:00,Shipped,Credit Card,FL,FC-East-01
ORD-000401,CUST-000038,2024-08-11 04:19:00,Delivered,PayPal,WA,FC-West-02
ORD-000402,CUST-000572,2024-09-09 18:22:00,Shipped,Apple Pay,MI,FC-West-02
ORD-000403,CUST-000647,2025-04-08 02:35:00,Delivered,Apple Pay,OH,FC-Central-03
ORD-000404,CUST-000169,2025-03-16 14:05:00,Delivered,Apple Pay,MI,FC-South-04
ORD-000405,CUST-000148,2025-08-02 06:04:00,Shipped,Apple Pay,MI,FC-West-02
ORD-000406,CUST-000386,2025-08-31 21:41:00,Delivered,Direct Bank Transfer,TX,FC-North-05
ORD-000407,CUST-000435,2026-05-22 04:20:00,Shipped,Buy Now Pay Later,NY,FC-South-04
ORD-000408,CUST-000628,2024-10-11 02:17:00,Delivered,Credit Card,CA,FC-North-05
ORD-000409,CUST-000568,2025-03-23 02:21:00,Shipped,Credit Card,PA,FC-Central-03
ORD-000410,CUST-000283,2024-06-29 07:17:00,Delivered,Credit Card,OH,FC-East-01
ORD-000411,CUST-000230,2025-02-22 03:50:00,Delivered,Credit Card,NC,FC-West-02
ORD-000412,CUST-000317,2025-09-25 15:06:00,Delivered,Direct Bank Transfer,MI,FC-Central-03
ORD-000413,CUST-000592,2026-07-06 09:35:00,Delivered,Apple Pay,CA,FC-North-05
ORD-000414,CUST-000050,2024-07-24 10:48:00,Shipped,Buy Now Pay Later,PA,FC-West-02
ORD-000415,CUST-000551,2025-08-18 19:56:00,Delivered,Buy Now Pay Later,WA,FC-South-04
ORD-000416,CUST-000132,2024-10-23 00:43:00,Delivered,Direct Bank Transfer,CO,FC-West-02
ORD-000417,CUST-000131,2024-06-26 12:36:00,Delivered,Apple Pay,MI,FC-East-01
ORD-000418,CUST-000384,2026-01-25 07:43:00,Delivered,Direct Bank Transfer,MI,FC-South-04
ORD-000419,CUST-000474,2024-08-06 14:22:00,Shipped,Buy Now Pay Later,IL,FC-North-05
ORD-000420,CUST-000286,2025-04-14 16:45:00,Delivered,PayPal,CO,FC-Central-03
ORD-000421,CUST-000090,2024-12-09 13:49:00,Returned,Apple Pay,CO,FC-East-01
ORD-000422,CUST-000082,2024-04-19 23:15:00,Delivered,Credit Card,WA,FC-West-02
ORD-000423,CUST-000059,2024-04-27 23:18:00,Delivered,Direct Bank Transfer,NY,FC-South-04
ORD-000425,CUST-000534,2026-01-02 21:56:00,Delivered,Direct Bank Transfer,OH,FC-East-01
ORD-000426,CUST-000015,2025-10-24 06:58:00,Processing,Credit Card,MI,FC-South-04
ORD-000427,CUST-000554,2026-03-09 11:15:00,Returned,Direct Bank Transfer,NY,FC-North-05
ORD-000428,CUST-000631,2025-05-05 05:43:00,Processing,Direct Bank Transfer,TX,FC-West-02
ORD-000429,CUST-000077,2025-02-10 04:32:00,Delivered,Apple Pay,OH,FC-East-01
ORD-000430,CUST-000514,2025-02-23 05:23:00,Delivered,Credit Card,CO,FC-Central-03
ORD-000431,CUST-000258,2026-06-01 17:54:00,Delivered,Credit Card,IL,FC-Central-03
ORD-000432,CUST-000500,2024-11-27 08:13:00,Delivered,Credit Card,OH,FC-North-05
ORD-000433,CUST-000225,2024-12-09 20:32:00,Shipped,Credit Card,WA,FC-South-04
ORD-000434,CUST-000506,2024-03-30 11:00:00,Delivered,Direct Bank Transfer,PA,FC-South-04
ORD-000435,CUST-000309,2025-01-28 03:00:00,Delivered,Apple Pay,OH,FC-West-02
ORD-000436,CUST-000368,2024-02-10 03:27:00,Shipped,Buy Now Pay Later,CA,FC-West-02
ORD-000437,CUST-000548,2025-07-11 04:26:00,Delivered,Credit Card,NY,FC-South-04
ORD-000439,CUST-000388,2024-12-03 11:27:00,Delivered,PayPal,IL,FC-North-05
ORD-000440,CUST-000113,2025-04-25 21:53:00,Delivered,Buy Now Pay Later,TX,FC-West-02
ORD-000441,CUST-000367,2026-03-07 13:00:00,Delivered,Apple Pay,CA,FC-West-02
ORD-000442,CUST-000196,2024-11-18 01:08:00,Delivered,Buy Now Pay Later,MI,FC-South-04
ORD-000443,CUST-000344,2024-03-04 05:42:00,Delivered,PayPal,CO,FC-South-04
ORD-000444,CUST-000275,2024-06-01 13:31:00,Shipped,Direct Bank Transfer,CO,FC-South-04
ORD-000445,CUST-000132,2024-12-29 12:32:00,Shipped,Buy Now Pay Later,CA,FC-West-02
ORD-000446,CUST-000112,2026-04-22 00:08:00,Delivered,PayPal,NC,FC-Central-03
ORD-000447,CUST-000014,2026-03-27 21:15:00,Delivered,Credit Card,OH,FC-Central-03
ORD-000448,CUST-000621,2026-02-25 00:27:00,Delivered,Buy Now Pay Later,IL,FC-Central-03
ORD-000449,CUST-000504,2024-04-25 13:15:00,Delivered,Direct Bank Transfer,MI,FC-West-02
ORD-000450,CUST-000530,2024-08-10 07:17:00,Delivered,Credit Card,MI,FC-Central-03
ORD-000451,CUST-000256,2025-12-14 13:12:00,Delivered,Buy Now Pay Later,MI,FC-East-01
ORD-000452,CUST-000521,2025-10-18 05:12:00,Delivered,Direct Bank Transfer,FL,FC-West-02
ORD-000453,CUST-000125,2024-06-15 12:02:00,Delivered,Apple Pay,TX,FC-West-02
ORD-000454,CUST-000442,2024-02-19 19:12:00,Delivered,Credit Card,OH,FC-East-01
ORD-000455,CUST-000423,2025-07-22 09:44:00,Delivered,PayPal,PA,FC-West-02
ORD-000456,CUST-000442,2025-06-05 01:32:00,Processing,Buy Now Pay Later,IL,FC-East-01
ORD-000457,CUST-000114,2024-11-02 11:17:00,Delivered,Apple Pay,FL,FC-South-04
ORD-000458,CUST-000332,2024-03-20 05:02:00,Delivered,Credit Card,CO,FC-East-01
ORD-000459,CUST-000334,2024-09-05 09:30:00,Processing,Apple Pay,CA,FC-North-05
ORD-000460,CUST-000447,2024-08-08 08:31:00,Delivered,Apple Pay,IL,FC-Central-03
ORD-000461,CUST-000116,2024-05-10 21:00:00,Delivered,Direct Bank Transfer,PA,FC-West-02
ORD-000462,CUST-000374,2026-03-01 11:47:00,Cancelled,Direct Bank Transfer,WA,FC-North-05
ORD-000463,CUST-000385,2024-10-01 20:17:00,Delivered,PayPal,OH,FC-North-05
ORD-000465,CUST-000608,2025-12-02 06:12:00,Delivered,Buy Now Pay Later,CA,FC-East-01
ORD-000466,CUST-000566,2025-10-26 10:19:00,Delivered,Buy Now Pay Later,NC,FC-West-02
ORD-000467,CUST-000159,2024-03-16 04:12:00,Delivered,Buy Now Pay Later,MI,FC-North-05
ORD-000468,CUST-000261,2026-07-18 17:22:00,Delivered,Apple Pay,CO,FC-South-04
ORD-000470,CUST-000023,2024-07-20 19:17:00,Delivered,PayPal,NY,FC-Central-03
ORD-000471,CUST-000586,2024-04-03 22:12:00,Delivered,Buy Now Pay Later,CO,FC-South-04
ORD-000472,CUST-000552,2026-07-11 16:04:00,Delivered,PayPal,NC,FC-South-04
ORD-000473,CUST-000398,2025-08-29 12:25:00,Delivered,Direct Bank Transfer,FL,FC-Central-03
ORD-000474,CUST-000190,2024-02-04 05:36:00,Processing,PayPal,MI,FC-North-05
ORD-000475,CUST-000010,2026-07-20 16:29:00,Delivered,Direct Bank Transfer,IL,FC-North-05
ORD-000476,CUST-000314,2026-06-22 07:18:00,Delivered,Apple Pay,CA,FC-North-05
ORD-000478,CUST-000153,2024-11-11 04:17:00,Delivered,Credit Card,FL,FC-West-02
ORD-000479,CUST-000554,2024-05-29 00:41:00,Delivered,Apple Pay,PA,FC-North-05
ORD-000480,CUST-000337,2024-04-26 22:56:00,Delivered,Direct Bank Transfer,MI,FC-Central-03
ORD-000481,CUST-000138,2025-03-25 19:18:00,Delivered,Apple Pay,CO,FC-East-01
ORD-000482,CUST-000011,2026-05-24 11:14:00,Processing,Apple Pay,IL,FC-West-02
ORD-000483,CUST-000017,2025-08-04 21:55:00,Cancelled,Direct Bank Transfer,MI,FC-East-01
ORD-000485,CUST-000458,2024-09-13 10:17:00,Delivered,PayPal,CO,FC-North-05
ORD-000486,CUST-000409,2024-07-09 14:14:00,Delivered,Buy Now Pay Later,TX,FC-Central-03
ORD-000487,CUST-000496,2024-05-06 15:11:00,Delivered,Buy Now Pay Later,TX,FC-West-02
ORD-000488,CUST-000195,2025-09-06 15:46:00,Delivered,PayPal,NY,FC-Central-03
ORD-000489,CUST-000321,2024-07-16 05:52:00,Processing,Buy Now Pay Later,FL,FC-North-05
ORD-000490,CUST-000072,2024-06-26 02:27:00,Shipped,PayPal,CO,FC-South-04
ORD-000491,CUST-000417,2024-05-13 23:33:00,Shipped,PayPal,WA,FC-East-01
ORD-000492,CUST-000104,2025-02-21 12:01:00,Delivered,Credit Card,CO,FC-East-01
ORD-000493,CUST-000045,2024-06-15 07:49:00,Returned,Credit Card,TX,FC-Central-03
ORD-000494,CUST-000624,2024-02-14 00:50:00,Delivered,Credit Card,MI,FC-North-05
ORD-000495,CUST-000351,2026-06-23 22:05:00,Delivered,PayPal,GA,FC-West-02
ORD-000496,CUST-000583,2025-04-30 05:19:00,Delivered,Apple Pay,TX,FC-South-04
ORD-000498,CUST-000022,2026-05-25 01:06:00,Delivered,Direct Bank Transfer,CA,FC-Central-03
ORD-000499,CUST-000530,2026-06-06 13:09:00,Shipped,Credit Card,NY,FC-West-02
ORD-000500,CUST-000235,2025-04-13 12:09:00,Delivered,Apple Pay,FL,FC-Central-03
ORD-000501,CUST-000398,2026-01-04 22:52:00,Returned,Credit Card,TX,FC-South-04
ORD-000502,CUST-000114,2024-09-17 03:18:00,Delivered,Apple Pay,WA,FC-East-01
ORD-000503,CUST-000346,2024-06-01 11:59:00,Delivered,Credit Card,WA,FC-East-01
ORD-000504,CUST-000156,2024-08-01 13:33:00,Returned,Apple Pay,TX,FC-North-05
ORD-000505,CUST-000441,2024-07-03 21:43:00,Delivered,Apple Pay,IL,FC-North-05
ORD-000506,CUST-000361,2026-07-16 03:17:00,Delivered,Buy Now Pay Later,IL,FC-Central-03
ORD-000507,CUST-000079,2026-04-18 00:55:00,Delivered,PayPal,PA,FC-West-02
ORD-000509,CUST-000598,2025-04-13 23:17:00,Delivered,PayPal,PA,FC-East-01
ORD-000510,CUST-000132,2024-08-05 12:22:00,Delivered,Apple Pay,OH,FC-South-04
ORD-000511,CUST-000498,2026-01-11 13:38:00,Delivered,Apple Pay,CO,FC-West-02
ORD-000512,CUST-000254,2025-02-27 13:35:00,Processing,Buy Now Pay Later,NC,FC-North-05
ORD-000513,CUST-000511,2025-07-30 17:52:00,Delivered,PayPal,CA,FC-South-04
ORD-000514,CUST-000601,2026-02-02 13:33:00,Delivered,Direct Bank Transfer,MI,FC-West-02
ORD-000515,CUST-000090,2024-09-28 11:00:00,Delivered,PayPal,PA,FC-East-01
ORD-000516,CUST-000578,2025-05-31 04:58:00,Delivered,Credit Card,PA,FC-East-01
ORD-000517,CUST-000374,2026-06-19 04:18:00,Delivered,Buy Now Pay Later,NC,FC-West-02
ORD-000518,CUST-000437,2024-10-06 06:52:00,Cancelled,PayPal,MI,FC-East-01
ORD-000519,CUST-000143,2024-05-31 22:45:00,Cancelled,PayPal,MI,FC-South-04
ORD-000520,CUST-000027,2026-01-13 13:23:00,Delivered,Credit Card,CO,FC-East-01
ORD-000521,CUST-000602,2024-04-16 15:53:00,Delivered,Direct Bank Transfer,NY,FC-West-02
ORD-000522,CUST-000152,2025-02-09 04:05:00,Delivered,PayPal,NY,FC-East-01
ORD-000523,CUST-000589,2026-06-01 13:09:00,Delivered,PayPal,MI,FC-South-04
ORD-000524,CUST-000145,2026-03-08 16:44:00,Delivered,Apple Pay,OH,FC-South-04
ORD-000525,CUST-000350,2025-04-30 20:44:00,Delivered,Credit Card,CA,FC-Central-03
ORD-000526,CUST-000161,2024-04-02 20:02:00,Delivered,Direct Bank Transfer,NC,FC-West-02
ORD-000527,CUST-000166,2024-02-12 12:53:00,Delivered,Buy Now Pay Later,NC,FC-South-04
ORD-000528,CUST-000267,2025-09-08 16:19:00,Delivered,PayPal,TX,FC-South-04
ORD-000529,CUST-000282,2024-05-05 16:24:00,Delivered,PayPal,OH,FC-West-02
ORD-000530,CUST-000643,2024-03-29 07:25:00,Delivered,PayPal,WA,FC-North-05
ORD-000531,CUST-000080,2026-05-17 22:29:00,Delivered,Buy Now Pay Later,CO,FC-Central-03
ORD-000532,CUST-000420,2026-05-28 12:10:00,Shipped,Credit Card,CO,FC-Central-03
ORD-000534,CUST-000627,2026-04-08 10:01:00,Delivered,PayPal,TX,FC-Central-03
ORD-000535,CUST-000561,2024-05-20 02:13:00,Delivered,Direct Bank Transfer,IL,FC-East-01
ORD-000536,CUST-000194,2025-08-18 06:40:00,Shipped,Credit Card,IL,FC-West-02
ORD-000537,CUST-000088,2025-09-06 18:02:00,Delivered,Direct Bank Transfer,NY,FC-South-04
ORD-000538,CUST-000050,2024-12-19 02:19:00,Shipped,Credit Card,IL,FC-Central-03
ORD-000539,CUST-000412,2025-06-27 06:20:00,Cancelled,Buy Now Pay Later,TX,FC-Central-03
ORD-000540,CUST-000101,2025-01-05 13:57:00,Delivered,Direct Bank Transfer,NC,FC-East-01
ORD-000541,CUST-000155,2024-02-25 18:50:00,Delivered,Buy Now Pay Later,WA,FC-South-04
ORD-000542,CUST-000039,2024-11-24 05:09:00,Delivered,Buy Now Pay Later,CO,FC-East-01
ORD-000543,CUST-000097,2026-02-05 07:56:00,Cancelled,PayPal,MI,FC-West-02
ORD-000544,CUST-000166,2025-06-28 16:46:00,Delivered,Direct Bank Transfer,PA,FC-North-05
ORD-000545,CUST-000464,2026-04-15 04:21:00,Cancelled,Apple Pay,WA,FC-Central-03
ORD-000546,CUST-000447,2024-03-12 22:49:00,Delivered,Buy Now Pay Later,FL,FC-West-02
ORD-000547,CUST-000635,2025-10-14 02:09:00,Delivered,Direct Bank Transfer,CA,FC-South-04
ORD-000548,CUST-000016,2024-06-26 09:35:00,Delivered,Credit Card,CA,FC-South-04
ORD-000549,CUST-000471,2024-12-18 05:59:00,Delivered,Apple Pay,CA,FC-West-02
ORD-000550,CUST-000290,2025-09-13 11:22:00,Delivered,Credit Card,TX,FC-East-01
ORD-000551,CUST-000477,2024-10-22 15:16:00,Delivered,Buy Now Pay Later,CA,FC-West-02
ORD-000552,CUST-000589,2025-06-14 01:23:00,Shipped,Apple Pay,OH,FC-South-04
ORD-000553,CUST-000644,2025-12-28 04:28:00,Processing,Apple Pay,WA,FC-North-05
ORD-000554,CUST-000325,2025-02-17 02:43:00,Delivered,Buy Now Pay Later,GA,FC-North-05
ORD-000555,CUST-000272,2026-07-18 21:02:00,Delivered,Direct Bank Transfer,MI,FC-East-01
ORD-000556,CUST-000253,2026-01-17 17:00:00,Delivered,PayPal,IL,FC-East-01
ORD-000557,CUST-000389,2024-07-12 18:25:00,Shipped,Credit Card,OH,FC-West-02
ORD-000558,CUST-000479,2025-12-17 02:22:00,Delivered,Buy Now Pay Later,CO,FC-South-04
ORD-000559,CUST-000554,2026-05-18 14:06:00,Processing,Credit Card,MI,FC-West-02
ORD-000560,CUST-000112,2025-03-13 13:12:00,Delivered,Buy Now Pay Later,CA,FC-Central-03
ORD-000561,CUST-000328,2025-01-16 19:31:00,Delivered,PayPal,CA,FC-South-04
ORD-000562,CUST-000289,2025-05-11 01:34:00,Delivered,PayPal,TX,FC-South-04
ORD-000563,CUST-000221,2024-12-24 18:02:00,Delivered,Direct Bank Transfer,NY,FC-South-04
ORD-000564,CUST-000375,2026-04-19 13:30:00,Shipped,PayPal,FL,FC-East-01
ORD-000565,CUST-000024,2026-03-18 21:27:00,Delivered,Apple Pay,CO,FC-Central-03
ORD-000566,CUST-000182,2024-04-26 04:04:00,Delivered,Apple Pay,CA,FC-South-04
ORD-000567,CUST-000309,2026-07-14 22:28:00,Returned,Buy Now Pay Later,FL,FC-North-05
ORD-000568,CUST-000268,2024-08-07 01:05:00,Returned,Buy Now Pay Later,IL,FC-Central-03
ORD-000569,CUST-000170,2024-08-22 11:26:00,Processing,Buy Now Pay Later,NC,FC-South-04
ORD-000570,CUST-000166,2026-01-14 13:22:00,Delivered,Direct Bank Transfer,NY,FC-South-04
ORD-000571,CUST-000581,2026-04-12 19:12:00,Delivered,Credit Card,WA,FC-North-05
ORD-000573,CUST-000475,2024-07-01 15:55:00,Delivered,Apple Pay,CO,FC-East-01
ORD-000574,CUST-000422,2024-10-27 16:46:00,Delivered,Credit Card,TX,FC-South-04
ORD-000575,CUST-000466,2025-11-16 18:06:00,Shipped,Credit Card,MI,FC-West-02
ORD-000576,CUST-000194,2025-04-06 22:34:00,Delivered,PayPal,OH,FC-North-05
ORD-000577,CUST-000224,2025-01-22 06:12:00,Delivered,Direct Bank Transfer,PA,FC-East-01
ORD-000579,CUST-000518,2025-11-26 14:26:00,Delivered,Buy Now Pay Later,PA,FC-Central-03
ORD-000580,CUST-000562,2025-04-12 16:48:00,Delivered,Apple Pay,TX,FC-East-01
ORD-000581,CUST-000475,2025-04-14 11:11:00,Delivered,Direct Bank Transfer,TX,FC-North-05
ORD-000582,CUST-000562,2025-04-22 12:18:00,Delivered,Buy Now Pay Later,MI,FC-Central-03
ORD-000584,CUST-000017,2025-10-24 13:06:00,Shipped,Buy Now Pay Later,NC,FC-North-05
ORD-000585,CUST-000104,2025-11-10 14:32:00,Shipped,Direct Bank Transfer,CO,FC-East-01
ORD-000586,CUST-000300,2026-06-22 13:13:00,Delivered,PayPal,NC,FC-South-04
ORD-000587,CUST-000395,2024-05-28 06:54:00,Delivered,Buy Now Pay Later,PA,FC-East-01
ORD-000588,CUST-000481,2025-03-29 20:45:00,Processing,Buy Now Pay Later,PA,FC-East-01
ORD-000589,CUST-000232,2025-07-04 09:17:00,Delivered,Apple Pay,OH,FC-Central-03
ORD-000591,CUST-000388,2026-06-10 16:52:00,Delivered,Direct Bank Transfer,PA,FC-Central-03
ORD-000592,CUST-000176,2025-09-08 13:15:00,Delivered,Direct Bank Transfer,FL,FC-South-04
ORD-000593,CUST-000641,2025-11-21 12:53:00,Delivered,Credit Card,OH,FC-North-05
ORD-000594,CUST-000133,2025-11-13 12:46:00,Delivered,PayPal,PA,FC-South-04
ORD-000596,CUST-000123,2025-11-08 18:50:00,Delivered,Buy Now Pay Later,NC,FC-Central-03
ORD-000597,CUST-000164,2024-12-27 06:05:00,Delivered,Credit Card,OH,FC-East-01
ORD-000598,CUST-000012,2025-11-05 18:09:00,Delivered,Credit Card,MI,FC-North-05
ORD-000599,CUST-000563,2024-04-21 18:24:00,Delivered,Credit Card,GA,FC-West-02
ORD-000600,CUST-000371,2024-08-10 07:41:00,Delivered,PayPal,FL,FC-Central-03
ORD-000602,CUST-000053,2024-11-08 02:59:00,Delivered,PayPal,CO,FC-East-01
ORD-000603,CUST-000600,2026-07-07 03:07:00,Delivered,Buy Now Pay Later,CA,FC-North-05
ORD-000604,CUST-000111,2024-06-25 09:16:00,Delivered,PayPal,CA,FC-East-01
ORD-000605,CUST-000513,2026-06-14 11:58:00,Cancelled,PayPal,CA,FC-South-04
ORD-000606,CUST-000509,2026-04-25 00:26:00,Delivered,Credit Card,CO,FC-South-04
ORD-000607,CUST-000079,2024-09-03 21:26:00,Shipped,Buy Now Pay Later,CO,FC-Central-03
ORD-000608,CUST-000467,2026-05-08 05:11:00,Returned,Apple Pay,TX,FC-East-01
ORD-000609,CUST-000587,2025-11-08 19:54:00,Delivered,Credit Card,PA,FC-East-01
ORD-000610,CUST-000360,2025-06-10 19:38:00,Delivered,Direct Bank Transfer,TX,FC-East-01
ORD-000611,CUST-000541,2026-03-01 08:59:00,Processing,Credit Card,WA,FC-West-02
ORD-000612,CUST-000031,2025-08-02 00:33:00,Delivered,Direct Bank Transfer,FL,FC-West-02
ORD-000613,CUST-000378,2024-05-28 06:01:00,Delivered,Apple Pay,FL,FC-West-02
ORD-000614,CUST-000086,2026-02-15 22:08:00,Delivered,Apple Pay,GA,FC-Central-03
ORD-000615,CUST-000207,2024-05-05 11:45:00,Delivered,Direct Bank Transfer,GA,FC-Central-03
ORD-000616,CUST-000514,2025-04-22 16:25:00,Delivered,PayPal,TX,FC-Central-03
ORD-000617,CUST-000204,2026-01-04 22:17:00,Returned,Buy Now Pay Later,WA,FC-East-01
ORD-000618,CUST-000609,2024-12-16 05:50:00,Returned,PayPal,OH,FC-South-04
ORD-000619,CUST-000462,2025-04-09 19:47:00,Delivered,Apple Pay,WA,FC-Central-03
ORD-000620,CUST-000112,2025-10-14 12:27:00,Delivered,PayPal,PA,FC-North-05
ORD-000621,CUST-000387,2025-11-09 02:28:00,Delivered,PayPal,NC,FC-East-01
ORD-000623,CUST-000412,2024-03-02 03:11:00,Delivered,Apple Pay,TX,FC-South-04
ORD-000624,CUST-000371,2024-10-09 02:13:00,Cancelled,Apple Pay,TX,FC-Central-03
ORD-000625,CUST-000325,2024-06-05 00:20:00,Shipped,Credit Card,FL,FC-Central-03
ORD-000626,CUST-000482,2025-09-04 10:57:00,Delivered,PayPal,CA,FC-North-05
ORD-000627,CUST-000399,2024-11-17 19:13:00,Delivered,Direct Bank Transfer,CA,FC-West-02
ORD-000629,CUST-000437,2025-12-30 13:20:00,Delivered,Apple Pay,FL,FC-West-02
ORD-000630,CUST-000051,2026-05-02 15:31:00,Delivered,Credit Card,OH,FC-Central-03
ORD-000631,CUST-000124,2024-06-07 14:10:00,Cancelled,Direct Bank Transfer,WA,FC-Central-03
ORD-000632,CUST-000397,2024-09-30 18:01:00,Delivered,Apple Pay,CO,FC-East-01
ORD-000633,CUST-000596,2024-02-05 14:18:00,Delivered,PayPal,NY,FC-South-04
ORD-000634,CUST-000553,2025-07-25 01:21:00,Delivered,Credit Card,GA,FC-East-01
ORD-000635,CUST-000099,2026-05-30 13:46:00,Delivered,Apple Pay,PA,FC-Central-03
ORD-000636,CUST-000359,2025-03-16 02:35:00,Returned,Apple Pay,WA,FC-South-04
ORD-000637,CUST-000049,2025-03-09 09:44:00,Delivered,Buy Now Pay Later,CO,FC-South-04
ORD-000638,CUST-000126,2026-06-13 11:39:00,Delivered,Credit Card,FL,FC-East-01
ORD-000639,CUST-000049,2026-05-26 00:08:00,Delivered,Credit Card,MI,FC-Central-03
ORD-000640,CUST-000452,2024-09-19 05:05:00,Returned,PayPal,NC,FC-Central-03
ORD-000641,CUST-000006,2026-01-05 01:16:00,Delivered,Credit Card,NY,FC-East-01
ORD-000642,CUST-000315,2024-04-17 08:21:00,Processing,Direct Bank Transfer,IL,FC-South-04
ORD-000643,CUST-000176,2024-06-21 18:29:00,Delivered,Credit Card,PA,FC-West-02
ORD-000644,CUST-000153,2026-03-13 18:56:00,Shipped,Buy Now Pay Later,CO,FC-South-04
ORD-000646,CUST-000508,2024-11-14 10:49:00,Processing,Buy Now Pay Later,CA,FC-West-02
ORD-000647,CUST-000273,2026-03-26 09:45:00,Cancelled,Credit Card,NC,FC-Central-03
ORD-000648,CUST-000251,2025-12-07 20:47:00,Delivered,PayPal,CA,FC-East-01
ORD-000650,CUST-000194,2025-06-14 03:21:00,Delivered,PayPal,NC,FC-North-05
ORD-000651,CUST-000533,2026-06-29 10:48:00,Delivered,Apple Pay,CO,FC-South-04
ORD-000652,CUST-000159,2026-06-18 16:06:00,Processing,PayPal,PA,FC-West-02
ORD-000653,CUST-000399,2025-05-09 19:32:00,Returned,PayPal,FL,FC-South-04
ORD-000654,CUST-000071,2024-11-11 13:10:00,Delivered,Apple Pay,CO,FC-North-05
ORD-000655,CUST-000106,2024-06-30 14:56:00,Delivered,Credit Card,FL,FC-East-01
ORD-000656,CUST-000017,2025-05-17 05:17:00,Delivered,Credit Card,CO,FC-South-04
ORD-000657,CUST-000550,2025-05-09 11:16:00,Delivered,Credit Card,CA,FC-North-05
ORD-000658,CUST-000367,2025-04-17 06:09:00,Delivered,Buy Now Pay Later,OH,FC-North-05
ORD-000659,CUST-000527,2025-01-07 01:28:00,Delivered,Apple Pay,CA,FC-Central-03
ORD-000661,CUST-000195,2025-03-19 05:38:00,Delivered,Apple Pay,WA,FC-North-05
ORD-000662,CUST-000512,2025-07-16 13:06:00,Shipped,Credit Card,CA,FC-West-02
ORD-000663,CUST-000227,2024-05-28 01:57:00,Delivered,Credit Card,IL,FC-North-05
ORD-000664,CUST-000247,2024-04-08 17:06:00,Cancelled,Apple Pay,WA,FC-West-02
ORD-000665,CUST-000420,2025-03-08 12:06:00,Delivered,PayPal,GA,FC-Central-03
ORD-000666,CUST-000213,2024-07-25 06:22:00,Delivered,Apple Pay,IL,FC-North-05
ORD-000667,CUST-000004,2024-05-07 05:32:00,Delivered,Direct Bank Transfer,MI,FC-South-04
ORD-000668,CUST-000316,2026-06-23 22:15:00,Delivered,PayPal,CO,FC-Central-03
ORD-000669,CUST-000072,2024-07-20 05:21:00,Returned,Buy Now Pay Later,NY,FC-West-02
ORD-000670,CUST-000491,2025-04-14 10:01:00,Delivered,PayPal,CA,FC-Central-03
ORD-000671,CUST-000176,2025-12-27 00:38:00,Delivered,Apple Pay,WA,FC-South-04
ORD-000672,CUST-000002,2025-06-15 07:30:00,Cancelled,Credit Card,NY,FC-East-01
ORD-000673,CUST-000587,2025-12-28 09:53:00,Returned,PayPal,NC,FC-North-05
ORD-000674,CUST-000173,2026-03-15 04:49:00,Delivered,Credit Card,IL,FC-East-01
ORD-000675,CUST-000348,2025-05-09 15:47:00,Delivered,Apple Pay,IL,FC-North-05
ORD-000676,CUST-000505,2024-10-17 11:29:00,Delivered,Credit Card,IL,FC-Central-03
ORD-000677,CUST-000346,2025-07-15 21:54:00,Delivered,Direct Bank Transfer,CA,FC-South-04
ORD-000678,CUST-000279,2026-01-03 16:46:00,Delivered,Credit Card,OH,FC-West-02
ORD-000679,CUST-000228,2025-12-07 04:22:00,Delivered,Buy Now Pay Later,FL,FC-East-01
ORD-000680,CUST-000598,2026-02-28 22:27:00,Cancelled,Apple Pay,MI,FC-West-02
ORD-000681,CUST-000093,2024-08-17 12:40:00,Delivered,Credit Card,CO,FC-Central-03
ORD-000682,CUST-000564,2025-05-06 16:11:00,Delivered,Apple Pay,PA,FC-Central-03
ORD-000683,CUST-000405,2025-09-26 13:17:00,Delivered,Apple Pay,NY,FC-West-02
ORD-000684,CUST-000600,2025-07-17 22:21:00,Shipped,Direct Bank Transfer,OH,FC-East-01
ORD-000685,CUST-000471,2025-09-03 11:18:00,Delivered,Credit Card,GA,FC-East-01
ORD-000686,CUST-000152,2025-05-23 21:09:00,Processing,Direct Bank Transfer,WA,FC-Central-03
ORD-000687,CUST-000578,2025-12-12 05:19:00,Cancelled,Buy Now Pay Later,CA,FC-Central-03
ORD-000688,CUST-000305,2024-02-16 14:02:00,Delivered,PayPal,WA,FC-Central-03
ORD-000689,CUST-000128,2024-03-26 15:19:00,Delivered,Credit Card,PA,FC-South-04
ORD-000690,CUST-000001,2024-03-23 08:08:00,Delivered,Apple Pay,NC,FC-Central-03
ORD-000691,CUST-000581,2024-07-08 02:45:00,Delivered,Apple Pay,MI,FC-West-02
ORD-000692,CUST-000203,2025-04-18 18:58:00,Cancelled,Credit Card,FL,FC-Central-03
ORD-000693,CUST-000033,2025-05-30 11:15:00,Delivered,Buy Now Pay Later,OH,FC-South-04
ORD-000694,CUST-000102,2024-10-25 09:38:00,Shipped,Apple Pay,WA,FC-West-02
ORD-000695,CUST-000452,2025-12-27 10:51:00,Delivered,Direct Bank Transfer,CO,FC-West-02
ORD-000696,CUST-000207,2024-10-14 04:26:00,Delivered,Direct Bank Transfer,IL,FC-West-02
ORD-000697,CUST-000316,2024-04-28 09:36:00,Delivered,Buy Now Pay Later,TX,FC-North-05
ORD-000698,CUST-000389,2026-04-12 13:06:00,Delivered,PayPal,GA,FC-North-05
ORD-000699,CUST-000324,2025-06-30 21:45:00,Delivered,Apple Pay,PA,FC-South-04
ORD-000701,CUST-000028,2026-03-27 13:05:00,Delivered,PayPal,IL,FC-North-05
ORD-000702,CUST-000251,2025-09-17 16:23:00,Shipped,PayPal,NC,FC-North-05
ORD-000703,CUST-000586,2026-07-18 09:03:00,Delivered,Buy Now Pay Later,OH,FC-West-02
ORD-000704,CUST-000007,2025-05-19 16:29:00,Cancelled,Credit Card,NY,FC-East-01
ORD-000705,CUST-000279,2026-05-30 20:06:00,Delivered,Apple Pay,CA,FC-North-05
ORD-000706,CUST-000301,2025-09-02 15:44:00,Delivered,Apple Pay,CA,FC-East-01
ORD-000707,CUST-000606,2025-12-22 16:47:00,Delivered,Credit Card,NC,FC-West-02
ORD-000708,CUST-000149,2025-08-29 23:31:00,Delivered,PayPal,CO,FC-West-02
ORD-000710,CUST-000208,2024-05-28 02:00:00,Delivered,PayPal,CA,FC-North-05
ORD-000711,CUST-000539,2024-05-10 07:13:00,Returned,Credit Card,NY,FC-South-04
ORD-000712,CUST-000524,2025-04-30 12:03:00,Delivered,Credit Card,OH,FC-Central-03
ORD-000713,CUST-000501,2024-08-07 07:53:00,Delivered,Direct Bank Transfer,WA,FC-Central-03
ORD-000714,CUST-000455,2026-06-29 21:39:00,Delivered,Credit Card,TX,FC-South-04
ORD-000715,CUST-000023,2024-08-08 04:52:00,Delivered,PayPal,NC,FC-West-02
ORD-000716,CUST-000566,2024-08-24 15:30:00,Delivered,Apple Pay,CO,FC-Central-03
ORD-000717,CUST-000104,2025-09-25 15:23:00,Delivered,Apple Pay,OH,FC-South-04
ORD-000718,CUST-000111,2025-05-21 13:52:00,Delivered,Buy Now Pay Later,NY,FC-West-02
ORD-000719,CUST-000294,2025-05-14 03:36:00,Delivered,Buy Now Pay Later,WA,FC-East-01
ORD-000720,CUST-000314,2024-03-06 20:41:00,Returned,Direct Bank Transfer,NY,FC-South-04
ORD-000721,CUST-000368,2024-06-22 14:56:00,Delivered,Buy Now Pay Later,NY,FC-Central-03
ORD-000722,CUST-000164,2025-02-01 16:54:00,Processing,Direct Bank Transfer,PA,FC-West-02
ORD-000724,CUST-000583,2025-01-13 14:45:00,Delivered,PayPal,CO,FC-Central-03
ORD-000725,CUST-000314,2025-03-10 02:58:00,Shipped,Buy Now Pay Later,GA,FC-South-04
ORD-000726,CUST-000630,2025-12-06 05:36:00,Delivered,Direct Bank Transfer,IL,FC-North-05
ORD-000727,CUST-000134,2026-01-15 10:37:00,Shipped,Direct Bank Transfer,WA,FC-Central-03
ORD-000728,CUST-000642,2026-05-30 12:04:00,Delivered,Credit Card,MI,FC-East-01
ORD-000729,CUST-000164,2024-09-25 03:42:00,Delivered,Credit Card,CO,FC-South-04
ORD-000731,CUST-000398,2026-03-15 13:59:00,Delivered,Credit Card,WA,FC-East-01
ORD-000732,CUST-000259,2024-05-28 01:54:00,Delivered,Credit Card,PA,FC-South-04
ORD-000733,CUST-000631,2025-11-08 00:59:00,Delivered,PayPal,CA,FC-Central-03
ORD-000734,CUST-000466,2025-02-21 04:40:00,Delivered,Direct Bank Transfer,FL,FC-North-05
ORD-000735,CUST-000202,2024-10-16 15:28:00,Returned,Apple Pay,FL,FC-West-02
ORD-000736,CUST-000167,2025-04-20 16:51:00,Delivered,PayPal,WA,FC-East-01
ORD-000737,CUST-000025,2025-11-06 21:06:00,Delivered,PayPal,TX,FC-East-01
ORD-000738,CUST-000006,2025-02-03 13:36:00,Shipped,Direct Bank Transfer,PA,FC-East-01
ORD-000740,CUST-000215,2025-09-07 15:32:00,Shipped,Apple Pay,WA,FC-Central-03
ORD-000741,CUST-000579,2026-06-23 04:51:00,Delivered,Credit Card,OH,FC-South-04
ORD-000742,CUST-000650,2025-02-20 02:36:00,Delivered,Credit Card,NC,FC-West-02
ORD-000743,CUST-000309,2024-05-14 03:31:00,Shipped,PayPal,WA,FC-East-01
ORD-000744,CUST-000560,2025-01-04 00:14:00,Delivered,Apple Pay,OH,FC-Central-03
ORD-000745,CUST-000371,2024-04-10 05:18:00,Delivered,Credit Card,WA,FC-North-05
ORD-000747,CUST-000413,2025-10-26 01:34:00,Shipped,Credit Card,GA,FC-North-05
ORD-000748,CUST-000272,2025-11-30 00:02:00,Processing,Apple Pay,IL,FC-South-04
ORD-000749,CUST-000208,2025-01-08 01:08:00,Delivered,PayPal,MI,FC-North-05
ORD-000750,CUST-000342,2026-03-17 21:58:00,Delivered,Credit Card,GA,FC-West-02
ORD-000751,CUST-000075,2026-05-05 18:57:00,Returned,Direct Bank Transfer,PA,FC-East-01
ORD-000752,CUST-000073,2025-04-02 19:47:00,Delivered,Direct Bank Transfer,NC,FC-East-01
ORD-000753,CUST-000496,2024-06-12 08:46:00,Delivered,Credit Card,NY,FC-East-01
ORD-000754,CUST-000515,2025-07-04 07:41:00,Delivered,Apple Pay,GA,FC-South-04
ORD-000755,CUST-000314,2026-04-11 07:01:00,Delivered,Credit Card,FL,FC-East-01
ORD-000756,CUST-000554,2025-10-15 12:43:00,Processing,Credit Card,GA,FC-North-05
ORD-000757,CUST-000054,2025-03-03 12:44:00,Shipped,PayPal,MI,FC-South-04
ORD-000758,CUST-000443,2025-08-16 04:07:00,Delivered,Buy Now Pay Later,WA,FC-East-01
ORD-000759,CUST-000381,2025-01-26 06:21:00,Delivered,Buy Now Pay Later,FL,FC-East-01
ORD-000760,CUST-000240,2024-05-05 18:00:00,Delivered,PayPal,MI,FC-South-04
ORD-000761,CUST-000556,2025-09-04 01:51:00,Delivered,Credit Card,NY,FC-West-02
ORD-000762,CUST-000079,2024-03-30 04:28:00,Delivered,PayPal,NY,FC-Central-03
ORD-000763,CUST-000325,2025-01-24 19:41:00,Delivered,PayPal,TX,FC-Central-03
ORD-000764,CUST-000630,2025-03-14 15:42:00,Delivered,Credit Card,CA,FC-East-01
ORD-000765,CUST-000259,2025-08-10 06:31:00,Delivered,Apple Pay,GA,FC-West-02
ORD-000766,CUST-000313,2025-02-10 17:18:00,Delivered,PayPal,IL,FC-North-05
ORD-000767,CUST-000330,2026-01-15 17:32:00,Delivered,Credit Card,PA,FC-East-01
ORD-000768,CUST-000426,2026-01-23 19:31:00,Delivered,Apple Pay,FL,FC-East-01
ORD-000769,CUST-000142,2026-06-11 16:14:00,Delivered,Apple Pay,FL,FC-North-05
ORD-000770,CUST-000127,2025-02-16 23:52:00,Shipped,PayPal,FL,FC-East-01
ORD-000771,CUST-000456,2025-11-27 14:07:00,Shipped,Credit Card,NY,FC-South-04
ORD-000772,CUST-000279,2024-11-11 18:24:00,Shipped,Apple Pay,NY,FC-East-01
ORD-000773,CUST-000289,2026-06-25 19:24:00,Delivered,Buy Now Pay Later,OH,FC-East-01
ORD-000774,CUST-000398,2025-04-30 01:14:00,Shipped,PayPal,TX,FC-South-04
ORD-000775,CUST-000447,2025-07-30 01:42:00,Delivered,Apple Pay,NC,FC-East-01
ORD-000776,CUST-000361,2024-02-27 19:48:00,Delivered,Apple Pay,WA,FC-Central-03
ORD-000777,CUST-000224,2026-03-17 00:21:00,Delivered,Direct Bank Transfer,OH,FC-South-04
ORD-000780,CUST-000168,2025-02-25 14:47:00,Delivered,PayPal,NY,FC-West-02
ORD-000781,CUST-000291,2026-04-29 21:17:00,Shipped,Credit Card,NC,FC-West-02
ORD-000782,CUST-000306,2025-01-11 18:25:00,Delivered,Credit Card,IL,FC-North-05
ORD-000783,CUST-000375,2024-11-02 21:16:00,Delivered,Direct Bank Transfer,CA,FC-East-01
ORD-000784,CUST-000318,2025-09-05 21:20:00,Delivered,Apple Pay,GA,FC-West-02
ORD-000785,CUST-000479,2024-02-18 14:00:00,Delivered,Buy Now Pay Later,PA,FC-East-01
ORD-000786,CUST-000497,2025-11-15 17:13:00,Delivered,Buy Now Pay Later,WA,FC-East-01
ORD-000787,CUST-000082,2024-11-10 19:35:00,Delivered,Apple Pay,GA,FC-East-01
ORD-000788,CUST-000186,2024-10-22 08:16:00,Delivered,Buy Now Pay Later,FL,FC-West-02
ORD-000789,CUST-000180,2024-06-30 19:41:00,Shipped,Credit Card,CA,FC-West-02
ORD-000790,CUST-000040,2024-08-07 21:32:00,Cancelled,Buy Now Pay Later,PA,FC-North-05
ORD-000791,CUST-000043,2025-08-20 22:14:00,Delivered,Credit Card,IL,FC-Central-03
ORD-000792,CUST-000017,2025-12-26 11:34:00,Delivered,Credit Card,FL,FC-North-05
ORD-000793,CUST-000363,2024-05-22 02:32:00,Processing,Buy Now Pay Later,NC,FC-East-01
ORD-000794,CUST-000080,2024-09-30 06:20:00,Returned,Direct Bank Transfer,CO,FC-Central-03
ORD-000795,CUST-000431,2024-04-14 20:27:00,Delivered,Apple Pay,NY,FC-West-02
ORD-000796,CUST-000339,2025-10-14 11:21:00,Processing,Buy Now Pay Later,GA,FC-Central-03
ORD-000797,CUST-000305,2025-10-29 00:10:00,Cancelled,Apple Pay,IL,FC-East-01
ORD-000798,CUST-000155,2025-09-28 00:06:00,Shipped,Direct Bank Transfer,PA,FC-West-02
ORD-000799,CUST-000530,2026-02-02 23:32:00,Delivered,Direct Bank Transfer,FL,FC-Central-03
ORD-000800,CUST-000392,2026-05-31 18:02:00,Delivered,PayPal,CO,FC-South-04
ORD-000801,CUST-000081,2024-04-20 07:36:00,Delivered,Direct Bank Transfer,CO,FC-North-05
ORD-000802,CUST-000568,2026-02-21 13:34:00,Delivered,Credit Card,NY,FC-North-05
ORD-000803,CUST-000631,2025-05-29 21:33:00,Delivered,Direct Bank Transfer,PA,FC-South-04
ORD-000804,CUST-000278,2024-08-18 18:18:00,Delivered,PayPal,FL,FC-Central-03
ORD-000805,CUST-000375,2024-09-24 14:20:00,Delivered,Credit Card,GA,FC-West-02
ORD-000806,CUST-000425,2025-02-05 02:22:00,Delivered,Direct Bank Transfer,CA,FC-North-05
ORD-000807,CUST-000375,2025-12-01 15:38:00,Shipped,PayPal,OH,FC-South-04
ORD-000808,CUST-000238,2025-09-06 04:59:00,Delivered,Direct Bank Transfer,OH,FC-West-02
ORD-000809,CUST-000606,2025-12-13 04:38:00,Delivered,Apple Pay,PA,FC-Central-03
ORD-000810,CUST-000325,2024-05-31 02:26:00,Shipped,Buy Now Pay Later,TX,FC-North-05
ORD-000811,CUST-000596,2025-06-21 20:56:00,Processing,PayPal,GA,FC-West-02
ORD-000812,CUST-000016,2024-07-20 03:26:00,Returned,Apple Pay,MI,FC-North-05
ORD-000813,CUST-000487,2026-03-02 03:08:00,Processing,Credit Card,NY,FC-South-04
ORD-000814,CUST-000172,2024-04-15 04:32:00,Processing,Direct Bank Transfer,OH,FC-South-04
ORD-000815,CUST-000367,2024-06-10 12:44:00,Delivered,Direct Bank Transfer,MI,FC-West-02
ORD-000816,CUST-000304,2024-06-01 10:57:00,Delivered,Apple Pay,WA,FC-North-05
ORD-000817,CUST-000641,2024-05-21 23:02:00,Delivered,Credit Card,GA,FC-Central-03
ORD-000818,CUST-000424,2025-11-07 14:47:00,Delivered,Buy Now Pay Later,GA,FC-Central-03
ORD-000819,CUST-000139,2026-02-21 05:46:00,Cancelled,Direct Bank Transfer,CA,FC-North-05
ORD-000820,CUST-000157,2024-02-08 18:37:00,Delivered,Apple Pay,OH,FC-South-04
ORD-000821,CUST-000333,2025-04-25 05:32:00,Delivered,Direct Bank Transfer,CA,FC-Central-03
ORD-000822,CUST-000240,2024-12-01 15:21:00,Delivered,Credit Card,NC,FC-North-05
ORD-000823,CUST-000544,2025-09-16 16:54:00,Delivered,Buy Now Pay Later,PA,FC-Central-03
ORD-000824,CUST-000398,2024-12-23 05:09:00,Delivered,Credit Card,OH,FC-West-02
ORD-000826,CUST-000360,2024-11-18 05:07:00,Cancelled,Apple Pay,GA,FC-Central-03
ORD-000828,CUST-000240,2025-12-14 08:09:00,Shipped,Credit Card,NC,FC-West-02
ORD-000829,CUST-000527,2026-03-14 05:01:00,Delivered,Direct Bank Transfer,NC,FC-East-01
ORD-000830,CUST-000557,2026-04-29 06:00:00,Delivered,Buy Now Pay Later,PA,FC-East-01
ORD-000831,CUST-000211,2024-11-15 18:27:00,Delivered,Buy Now Pay Later,TX,FC-North-05
ORD-000832,CUST-000470,2024-11-29 03:45:00,Shipped,Credit Card,OH,FC-South-04
ORD-000833,CUST-000512,2024-10-27 02:55:00,Delivered,PayPal,MI,FC-Central-03
ORD-000834,CUST-000121,2025-01-28 02:47:00,Cancelled,PayPal,PA,FC-East-01
ORD-000835,CUST-000162,2025-07-04 10:17:00,Delivered,Buy Now Pay Later,CO,FC-North-05
ORD-000836,CUST-000076,2026-01-24 22:20:00,Delivered,Credit Card,CA,FC-South-04
ORD-000838,CUST-000009,2024-10-09 04:37:00,Delivered,Buy Now Pay Later,CO,FC-West-02
ORD-000839,CUST-000202,2024-10-29 15:09:00,Delivered,Buy Now Pay Later,MI,FC-West-02
ORD-000840,CUST-000515,2024-11-16 04:12:00,Returned,Credit Card,MI,FC-North-05
ORD-000841,CUST-000222,2024-02-04 13:04:00,Delivered,Buy Now Pay Later,WA,FC-North-05
ORD-000842,CUST-000216,2026-01-28 05:02:00,Delivered,Buy Now Pay Later,WA,FC-Central-03
ORD-000843,CUST-000394,2025-11-08 18:15:00,Delivered,Apple Pay,NC,FC-South-04
ORD-000844,CUST-000186,2026-07-18 09:53:00,Delivered,PayPal,CO,FC-Central-03
ORD-000845,CUST-000502,2025-06-16 20:25:00,Shipped,Direct Bank Transfer,NC,FC-Central-03
ORD-000846,CUST-000498,2024-11-29 03:14:00,Shipped,Credit Card,OH,FC-Central-03
ORD-000847,CUST-000463,2024-12-30 07:42:00,Delivered,Buy Now Pay Later,TX,FC-East-01
ORD-000848,CUST-000481,2024-12-23 21:07:00,Shipped,Apple Pay,MI,FC-South-04
ORD-000849,CUST-000133,2026-04-03 15:53:00,Delivered,Buy Now Pay Later,OH,FC-North-05
ORD-000850,CUST-000243,2024-03-01 09:17:00,Delivered,Direct Bank Transfer,OH,FC-West-02
ORD-000851,CUST-000063,2025-08-29 10:16:00,Delivered,Apple Pay,OH,FC-South-04
ORD-000852,CUST-000458,2025-04-11 12:16:00,Returned,Credit Card,GA,FC-Central-03
ORD-000853,CUST-000227,2025-01-13 20:52:00,Delivered,Credit Card,GA,FC-Central-03
ORD-000854,CUST-000425,2024-09-14 18:56:00,Delivered,PayPal,FL,FC-North-05
ORD-000855,CUST-000650,2024-05-23 19:39:00,Delivered,Apple Pay,WA,FC-West-02
ORD-000857,CUST-000346,2025-01-27 17:04:00,Delivered,Credit Card,FL,FC-North-05
ORD-000858,CUST-000375,2025-08-02 06:10:00,Delivered,Direct Bank Transfer,MI,FC-South-04
ORD-000859,CUST-000237,2024-11-24 05:58:00,Shipped,Apple Pay,OH,FC-Central-03
ORD-000861,CUST-000546,2024-05-15 16:25:00,Delivered,Buy Now Pay Later,TX,FC-East-01
ORD-000862,CUST-000293,2024-12-05 00:14:00,Delivered,PayPal,IL,FC-East-01
ORD-000863,CUST-000128,2026-05-13 12:41:00,Delivered,Buy Now Pay Later,MI,FC-West-02
ORD-000864,CUST-000279,2026-07-02 02:04:00,Delivered,Credit Card,MI,FC-North-05
ORD-000865,CUST-000431,2024-02-21 00:47:00,Processing,Direct Bank Transfer,TX,FC-North-05
ORD-000866,CUST-000099,2026-02-23 18:50:00,Delivered,Buy Now Pay Later,WA,FC-West-02
ORD-000867,CUST-000323,2026-04-14 10:27:00,Delivered,Direct Bank Transfer,IL,FC-East-01
ORD-000868,CUST-000284,2025-05-15 06:06:00,Returned,Apple Pay,GA,FC-North-05
ORD-000869,CUST-000390,2024-11-25 13:05:00,Delivered,PayPal,NC,FC-South-04
ORD-000870,CUST-000289,2025-06-09 09:58:00,Delivered,Direct Bank Transfer,FL,FC-North-05
ORD-000871,CUST-000396,2024-02-18 15:46:00,Cancelled,Buy Now Pay Later,NC,FC-Central-03
ORD-000872,CUST-000112,2025-05-09 07:36:00,Delivered,Credit Card,FL,FC-South-04
ORD-000873,CUST-000463,2025-02-13 15:36:00,Shipped,Credit Card,PA,FC-Central-03
ORD-000875,CUST-000215,2026-07-05 15:37:00,Delivered,PayPal,TX,FC-East-01
ORD-000876,CUST-000417,2025-10-24 15:33:00,Delivered,Direct Bank Transfer,NY,FC-West-02
ORD-000877,CUST-000512,2024-10-16 13:19:00,Delivered,Apple Pay,NY,FC-West-02
ORD-000878,CUST-000334,2026-01-06 18:38:00,Delivered,Buy Now Pay Later,IL,FC-East-01
ORD-000879,CUST-000217,2026-03-15 17:50:00,Delivered,Buy Now Pay Later,GA,FC-North-05
ORD-000880,CUST-000324,2025-11-29 07:20:00,Delivered,Buy Now Pay Later,NC,FC-South-04
ORD-000881,CUST-000575,2026-06-29 23:46:00,Shipped,Credit Card,OH,FC-East-01
ORD-000883,CUST-000126,2024-07-20 06:28:00,Shipped,Credit Card,OH,FC-East-01
ORD-000884,CUST-000514,2024-07-24 20:51:00,Delivered,Direct Bank Transfer,TX,FC-South-04
ORD-000885,CUST-000567,2025-04-04 12:00:00,Delivered,Apple Pay,OH,FC-East-01
ORD-000886,CUST-000305,2026-02-07 21:17:00,Delivered,Direct Bank Transfer,WA,FC-Central-03
ORD-000887,CUST-000385,2025-08-31 20:10:00,Delivered,PayPal,NC,FC-Central-03
ORD-000888,CUST-000212,2026-05-03 19:45:00,Cancelled,Apple Pay,WA,FC-North-05
ORD-000889,CUST-000260,2025-05-29 14:13:00,Delivered,Apple Pay,TX,FC-West-02
ORD-000890,CUST-000543,2026-02-02 15:00:00,Delivered,Apple Pay,TX,FC-South-04
ORD-000891,CUST-000155,2025-05-27 02:00:00,Processing,Apple Pay,FL,FC-West-02
ORD-000892,CUST-000098,2025-08-04 14:21:00,Delivered,Credit Card,WA,FC-East-01
ORD-000893,CUST-000485,2025-10-01 05:04:00,Delivered,Apple Pay,FL,FC-North-05
ORD-000894,CUST-000358,2025-11-05 00:59:00,Delivered,PayPal,IL,FC-Central-03
ORD-000896,CUST-000263,2025-08-28 17:41:00,Shipped,PayPal,WA,FC-East-01
ORD-000897,CUST-000158,2024-05-16 23:13:00,Delivered,Apple Pay,IL,FC-West-02
ORD-000898,CUST-000584,2024-05-15 04:51:00,Cancelled,Direct Bank Transfer,CO,FC-North-05
ORD-000899,CUST-000397,2025-01-04 18:49:00,Processing,Direct Bank Transfer,IL,FC-North-05
ORD-000900,CUST-000640,2025-12-16 15:13:00,Processing,PayPal,FL,FC-East-01
ORD-000901,CUST-000224,2024-05-04 19:09:00,Delivered,PayPal,GA,FC-West-02
ORD-000902,CUST-000001,2024-12-28 02:57:00,Delivered,Credit Card,NC,FC-West-02
ORD-000903,CUST-000456,2025-04-11 21:30:00,Processing,Apple Pay,NC,FC-Central-03
ORD-000905,CUST-000491,2025-01-29 09:53:00,Delivered,Direct Bank Transfer,NC,FC-Central-03
ORD-000906,CUST-000081,2025-10-12 06:10:00,Shipped,Apple Pay,OH,FC-West-02
ORD-000907,CUST-000580,2025-04-28 15:44:00,Delivered,Apple Pay,NC,FC-East-01
ORD-000908,CUST-000451,2025-11-29 11:11:00,Shipped,Credit Card,GA,FC-Central-03
ORD-000909,CUST-000359,2026-02-15 13:13:00,Cancelled,Direct Bank Transfer,FL,FC-North-05
ORD-000910,CUST-000396,2025-02-18 05:59:00,Shipped,Credit Card,GA,FC-West-02
ORD-000911,CUST-000374,2025-07-23 06:00:00,Delivered,Direct Bank Transfer,PA,FC-Central-03
ORD-000912,CUST-000098,2025-02-12 08:32:00,Processing,Credit Card,IL,FC-North-05
ORD-000913,CUST-000035,2025-11-24 08:41:00,Delivered,Buy Now Pay Later,NY,FC-South-04
ORD-000915,CUST-000488,2025-10-15 20:29:00,Shipped,Buy Now Pay Later,GA,FC-West-02
ORD-000916,CUST-000565,2026-05-07 03:02:00,Shipped,Apple Pay,WA,FC-East-01
ORD-000917,CUST-000158,2026-01-23 23:11:00,Delivered,PayPal,OH,FC-East-01
ORD-000918,CUST-000124,2024-03-29 14:40:00,Delivered,Credit Card,CA,FC-Central-03
ORD-000919,CUST-000564,2024-11-11 06:41:00,Delivered,Direct Bank Transfer,PA,FC-East-01
ORD-000920,CUST-000328,2026-01-27 05:57:00,Delivered,Direct Bank Transfer,NC,FC-Central-03
ORD-000921,CUST-000015,2025-12-12 12:26:00,Delivered,Credit Card,FL,FC-East-01
ORD-000922,CUST-000520,2024-07-01 23:17:00,Delivered,Credit Card,GA,FC-West-02
ORD-000923,CUST-000046,2024-11-09 19:12:00,Delivered,Direct Bank Transfer,TX,FC-South-04
ORD-000924,CUST-000004,2024-12-15 08:35:00,Shipped,Apple Pay,PA,FC-East-01
ORD-000925,CUST-000483,2025-09-04 22:05:00,Cancelled,Direct Bank Transfer,CA,FC-South-04
ORD-000926,CUST-000121,2024-05-03 05:46:00,Delivered,Credit Card,PA,FC-West-02
ORD-000929,CUST-000197,2026-03-07 23:08:00,Delivered,Apple Pay,OH,FC-East-01
ORD-000930,CUST-000297,2024-08-01 08:08:00,Delivered,Direct Bank Transfer,OH,FC-Central-03
ORD-000931,CUST-000234,2026-06-05 06:17:00,Shipped,PayPal,IL,FC-West-02
ORD-000932,CUST-000268,2026-01-15 14:16:00,Returned,Credit Card,PA,FC-South-04
ORD-000933,CUST-000599,2025-02-07 11:49:00,Shipped,Direct Bank Transfer,CO,FC-South-04
ORD-000934,CUST-000176,2024-03-09 18:24:00,Cancelled,PayPal,WA,FC-North-05
ORD-000935,CUST-000218,2026-01-20 13:22:00,Returned,Apple Pay,PA,FC-West-02
ORD-000936,CUST-000522,2025-08-18 23:50:00,Delivered,Apple Pay,NC,FC-East-01
ORD-000937,CUST-000218,2024-10-22 06:29:00,Delivered,Apple Pay,CA,FC-East-01
ORD-000938,CUST-000536,2025-12-06 20:11:00,Delivered,Buy Now Pay Later,GA,FC-West-02
ORD-000939,CUST-000608,2024-12-27 11:36:00,Returned,Buy Now Pay Later,NY,FC-North-05
ORD-000940,CUST-000335,2026-01-19 03:40:00,Delivered,Apple Pay,TX,FC-East-01
ORD-000941,CUST-000437,2025-06-01 10:21:00,Delivered,Credit Card,PA,FC-West-02
ORD-000942,CUST-000317,2024-07-16 14:34:00,Processing,PayPal,GA,FC-East-01
ORD-000943,CUST-000641,2025-05-13 18:36:00,Delivered,Buy Now Pay Later,GA,FC-South-04
ORD-000944,CUST-000252,2024-10-16 23:23:00,Shipped,Direct Bank Transfer,GA,FC-Central-03
ORD-000945,CUST-000415,2024-12-04 01:59:00,Delivered,PayPal,CA,FC-North-05
ORD-000946,CUST-000437,2025-04-12 08:36:00,Returned,Buy Now Pay Later,NY,FC-North-05
ORD-000947,CUST-000169,2025-07-09 05:59:00,Processing,Apple Pay,MI,FC-North-05
ORD-000949,CUST-000346,2026-04-18 01:05:00,Shipped,Apple Pay,PA,FC-West-02
ORD-000950,CUST-000475,2025-03-12 05:29:00,Delivered,Credit Card,FL,FC-West-02
ORD-000951,CUST-000178,2024-12-05 09:05:00,Delivered,PayPal,FL,FC-West-02
ORD-000953,CUST-000006,2025-06-03 05:22:00,Shipped,Credit Card,NC,FC-South-04
ORD-000954,CUST-000408,2026-01-16 06:58:00,Delivered,Buy Now Pay Later,GA,FC-South-04
ORD-000955,CUST-000251,2026-03-23 03:24:00,Delivered,PayPal,TX,FC-Central-03
ORD-000956,CUST-000414,2026-04-02 10:57:00,Delivered,Apple Pay,WA,FC-South-04
ORD-000957,CUST-000408,2025-07-31 02:22:00,Delivered,Buy Now Pay Later,NY,FC-North-05
ORD-000958,CUST-000230,2025-10-16 05:49:00,Delivered,PayPal,PA,FC-Central-03
ORD-000959,CUST-000353,2025-06-28 00:39:00,Delivered,Direct Bank Transfer,CA,FC-South-04
ORD-000960,CUST-000238,2024-06-21 15:12:00,Delivered,Credit Card,IL,FC-West-02
ORD-000961,CUST-000451,2024-05-06 10:24:00,Processing,PayPal,TX,FC-South-04
ORD-000962,CUST-000295,2024-12-15 12:43:00,Delivered,Buy Now Pay Later,IL,FC-East-01
ORD-000963,CUST-000437,2024-08-02 05:25:00,Delivered,Direct Bank Transfer,GA,FC-East-01
ORD-000964,CUST-000085,2025-01-20 21:46:00,Cancelled,Credit Card,NY,FC-South-04
ORD-000965,CUST-000166,2024-12-23 04:36:00,Delivered,Direct Bank Transfer,CO,FC-South-04
ORD-000966,CUST-000471,2024-02-12 15:41:00,Shipped,Buy Now Pay Later,NY,FC-South-04
ORD-000967,CUST-000314,2025-04-11 08:47:00,Delivered,Credit Card,GA,FC-North-05
ORD-000969,CUST-000116,2026-04-15 05:27:00,Shipped,Direct Bank Transfer,CO,FC-South-04
ORD-000970,CUST-000082,2024-07-03 00:21:00,Processing,Direct Bank Transfer,FL,FC-Central-03
ORD-000971,CUST-000534,2026-05-13 19:46:00,Delivered,Buy Now Pay Later,NY,FC-South-04
ORD-000972,CUST-000481,2024-11-15 01:07:00,Delivered,Buy Now Pay Later,PA,FC-South-04
ORD-000973,CUST-000052,2025-10-06 21:23:00,Shipped,Apple Pay,PA,FC-South-04
ORD-000974,CUST-000307,2026-03-27 00:34:00,Delivered,Apple Pay,IL,FC-West-02
ORD-000975,CUST-000370,2025-04-03 00:28:00,Delivered,Apple Pay,CO,FC-Central-03
ORD-000976,CUST-000037,2025-10-03 03:22:00,Delivered,Credit Card,MI,FC-North-05
ORD-000977,CUST-000410,2024-10-12 05:05:00,Returned,Direct Bank Transfer,TX,FC-East-01
ORD-000979,CUST-000642,2024-10-07 23:52:00,Delivered,Direct Bank Transfer,GA,FC-North-05
ORD-000980,CUST-000042,2024-04-19 10:23:00,Shipped,Credit Card,WA,FC-West-02
ORD-000981,CUST-000105,2025-02-26 16:46:00,Delivered,Credit Card,CO,FC-Central-03
ORD-000982,CUST-000313,2025-04-08 12:01:00,Delivered,PayPal,MI,FC-Central-03
ORD-000983,CUST-000082,2026-06-06 13:07:00,Delivered,PayPal,IL,FC-North-05
ORD-000984,CUST-000314,2025-10-23 16:34:00,Delivered,PayPal,PA,FC-East-01
ORD-000985,CUST-000594,2025-05-30 06:48:00,Delivered,Buy Now Pay Later,MI,FC-Central-03
ORD-000986,CUST-000192,2024-11-10 16:42:00,Processing,Credit Card,OH,FC-North-05
ORD-000987,CUST-000187,2025-12-26 09:17:00,Shipped,Credit Card,FL,FC-South-04
ORD-000988,CUST-000020,2026-04-11 13:42:00,Delivered,PayPal,IL,FC-Central-03
ORD-000989,CUST-000479,2025-10-06 20:20:00,Delivered,Credit Card,FL,FC-West-02
ORD-000990,CUST-000019,2026-01-27 10:14:00,Delivered,Credit Card,IL,FC-North-05
ORD-000991,CUST-000633,2026-05-27 14:37:00,Returned,Buy Now Pay Later,PA,FC-North-05
ORD-000992,CUST-000561,2025-03-05 15:59:00,Cancelled,Direct Bank Transfer,PA,FC-East-01
ORD-000993,CUST-000353,2024-12-24 11:52:00,Cancelled,Buy Now Pay Later,GA,FC-West-02
ORD-000994,CUST-000517,2024-09-03 17:44:00,Delivered,PayPal,IL,FC-South-04
ORD-000995,CUST-000417,2024-03-05 21:54:00,Delivered,Direct Bank Transfer,CO,FC-East-01
ORD-000996,CUST-000505,2025-08-28 11:05:00,Delivered,PayPal,PA,FC-North-05
ORD-000997,CUST-000315,2024-11-25 10:28:00,Delivered,Buy Now Pay Later,TX,FC-East-01
ORD-000998,CUST-000649,2025-09-21 05:39:00,Delivered,Apple Pay,OH,FC-North-05
ORD-000999,CUST-000431,2026-03-25 00:48:00,Delivered,Apple Pay,MI,FC-North-05
ORD-001000,CUST-000509,2024-09-28 12:58:00,Returned,Direct Bank Transfer,OH,FC-West-02
ORD-001001,CUST-000631,2026-06-20 03:06:00,Delivered,Buy Now Pay Later,FL,FC-West-02
ORD-001002,CUST-000115,2025-09-07 09:11:00,Delivered,PayPal,NC,FC-South-04
ORD-001003,CUST-000424,2025-01-26 06:26:00,Shipped,Direct Bank Transfer,PA,FC-Central-03
ORD-001004,CUST-000376,2025-11-07 03:42:00,Delivered,Apple Pay,NC,FC-North-05
ORD-001005,CUST-000552,2025-03-08 07:54:00,Shipped,Buy Now Pay Later,GA,FC-South-04
ORD-001006,CUST-000297,2026-05-26 14:10:00,Delivered,PayPal,IL,FC-South-04
ORD-001007,CUST-000004,2025-07-30 10:48:00,Processing,Buy Now Pay Later,CO,FC-West-02
ORD-001008,CUST-000102,2025-02-27 18:41:00,Delivered,Buy Now Pay Later,OH,FC-South-04
ORD-001009,CUST-000195,2025-11-13 00:39:00,Delivered,PayPal,WA,FC-West-02
ORD-001010,CUST-000644,2025-06-30 02:38:00,Delivered,Direct Bank Transfer,NY,FC-South-04
ORD-001011,CUST-000337,2025-10-17 07:10:00,Delivered,Direct Bank Transfer,CO,FC-South-04
ORD-001012,CUST-000095,2025-02-14 00:47:00,Delivered,Direct Bank Transfer,NC,FC-South-04
ORD-001013,CUST-000530,2026-07-04 06:54:00,Delivered,PayPal,PA,FC-South-04
ORD-001014,CUST-000248,2024-07-29 15:59:00,Delivered,PayPal,TX,FC-Central-03
ORD-001015,CUST-000304,2024-04-07 00:13:00,Shipped,Direct Bank Transfer,GA,FC-South-04
ORD-001016,CUST-000253,2026-01-01 19:28:00,Delivered,PayPal,GA,FC-West-02
ORD-001017,CUST-000519,2025-11-18 03:51:00,Delivered,Direct Bank Transfer,TX,FC-Central-03
ORD-001018,CUST-000253,2025-05-19 23:04:00,Delivered,Credit Card,CO,FC-East-01
ORD-001019,CUST-000422,2026-07-07 16:30:00,Processing,Buy Now Pay Later,OH,FC-East-01
ORD-001020,CUST-000269,2026-02-03 17:07:00,Delivered,Direct Bank Transfer,MI,FC-North-05
ORD-001021,CUST-000025,2025-04-25 15:52:00,Delivered,Credit Card,OH,FC-Central-03
ORD-001022,CUST-000041,2025-02-07 12:45:00,Processing,Direct Bank Transfer,OH,FC-South-04
ORD-001023,CUST-000129,2024-05-17 04:54:00,Delivered,Apple Pay,CA,FC-North-05
ORD-001024,CUST-000175,2025-02-10 13:42:00,Shipped,Apple Pay,FL,FC-West-02
ORD-001025,CUST-000500,2024-09-03 08:06:00,Delivered,Apple Pay,GA,FC-East-01
ORD-001026,CUST-000510,2026-03-12 07:48:00,Delivered,Apple Pay,IL,FC-Central-03
ORD-001027,CUST-000461,2025-01-04 14:44:00,Delivered,Apple Pay,IL,FC-North-05
ORD-001028,CUST-000618,2024-03-08 04:09:00,Cancelled,Direct Bank Transfer,NY,FC-Central-03
ORD-001029,CUST-000229,2025-02-14 18:23:00,Delivered,Apple Pay,MI,FC-Central-03
ORD-001030,CUST-000164,2025-09-04 20:19:00,Delivered,Buy Now Pay Later,CO,FC-South-04
ORD-001031,CUST-000305,2024-07-08 23:51:00,Delivered,PayPal,WA,FC-West-02
ORD-001032,CUST-000303,2026-06-29 12:16:00,Delivered,PayPal,FL,FC-East-01
ORD-001033,CUST-000605,2024-12-07 04:37:00,Delivered,Credit Card,PA,FC-Central-03
ORD-001034,CUST-000527,2026-03-05 16:25:00,Delivered,Buy Now Pay Later,TX,FC-North-05
ORD-001035,CUST-000357,2025-11-21 04:37:00,Delivered,Direct Bank Transfer,NC,FC-Central-03
ORD-001036,CUST-000388,2025-02-22 15:41:00,Delivered,PayPal,GA,FC-North-05
ORD-001037,CUST-000181,2025-06-10 12:00:00,Delivered,Credit Card,FL,FC-Central-03
ORD-001038,CUST-000320,2024-08-30 07:09:00,Delivered,Apple Pay,MI,FC-North-05
ORD-001039,CUST-000124,2025-11-27 06:22:00,Delivered,Buy Now Pay Later,WA,FC-South-04
ORD-001040,CUST-000013,2026-06-10 23:54:00,Delivered,Direct Bank Transfer,MI,FC-West-02
ORD-001041,CUST-000210,2025-02-07 21:02:00,Delivered,Buy Now Pay Later,PA,FC-East-01
ORD-001042,CUST-000526,2024-04-09 08:35:00,Delivered,Direct Bank Transfer,CA,FC-North-05
ORD-001043,CUST-000058,2025-05-03 18:33:00,Delivered,PayPal,IL,FC-West-02
ORD-001044,CUST-000189,2026-01-07 20:54:00,Delivered,PayPal,MI,FC-West-02
ORD-001045,CUST-000473,2024-07-31 01:38:00,Delivered,Apple Pay,IL,FC-North-05
ORD-001046,CUST-000095,2026-03-02 06:46:00,Shipped,Credit Card,NC,FC-West-02
ORD-001047,CUST-000314,2024-04-03 06:14:00,Delivered,PayPal,WA,FC-North-05
ORD-001049,CUST-000075,2024-08-20 15:07:00,Delivered,Buy Now Pay Later,GA,FC-East-01
ORD-001050,CUST-000204,2024-05-13 17:37:00,Shipped,PayPal,GA,FC-North-05
ORD-001051,CUST-000311,2025-09-05 00:37:00,Delivered,Buy Now Pay Later,MI,FC-East-01
ORD-001052,CUST-000459,2026-04-07 20:12:00,Delivered,Direct Bank Transfer,GA,FC-North-05
ORD-001053,CUST-000001,2024-10-15 13:38:00,Delivered,Apple Pay,CO,FC-South-04
ORD-001054,CUST-000182,2025-01-02 16:30:00,Cancelled,Direct Bank Transfer,CO,FC-Central-03
ORD-001058,CUST-000169,2024-08-02 02:48:00,Shipped,Buy Now Pay Later,CA,FC-Central-03
ORD-001059,CUST-000459,2025-01-16 20:43:00,Delivered,Direct Bank Transfer,FL,FC-West-02
ORD-001060,CUST-000113,2026-03-23 07:13:00,Delivered,Apple Pay,IL,FC-North-05
ORD-001061,CUST-000332,2026-03-26 16:30:00,Delivered,Credit Card,WA,FC-Central-03
ORD-001062,CUST-000218,2025-09-07 21:09:00,Cancelled,Apple Pay,FL,FC-West-02
ORD-001063,CUST-000410,2026-04-15 05:54:00,Delivered,PayPal,CO,FC-North-05
ORD-001065,CUST-000278,2024-09-22 08:30:00,Returned,Apple Pay,TX,FC-Central-03
ORD-001066,CUST-000317,2025-01-07 23:22:00,Delivered,Apple Pay,IL,FC-South-04
ORD-001067,CUST-000441,2025-08-30 12:48:00,Delivered,Buy Now Pay Later,OH,FC-East-01
ORD-001068,CUST-000057,2025-03-25 11:41:00,Delivered,PayPal,IL,FC-South-04
ORD-001069,CUST-000020,2026-05-19 22:12:00,Delivered,PayPal,IL,FC-Central-03
ORD-001070,CUST-000387,2024-02-25 10:27:00,Delivered,Buy Now Pay Later,NC,FC-Central-03
ORD-001071,CUST-000580,2026-02-26 06:51:00,Delivered,PayPal,NC,FC-North-05
ORD-001072,CUST-000456,2026-06-26 08:06:00,Shipped,Credit Card,TX,FC-West-02
ORD-001073,CUST-000338,2026-02-10 15:46:00,Shipped,Direct Bank Transfer,NY,FC-South-04
ORD-001074,CUST-000404,2026-01-05 22:31:00,Delivered,PayPal,WA,FC-Central-03
ORD-001075,CUST-000608,2025-02-19 01:06:00,Delivered,Credit Card,IL,FC-Central-03
ORD-001076,CUST-000557,2025-02-13 14:59:00,Delivered,Apple Pay,GA,FC-East-01
ORD-001077,CUST-000139,2026-03-09 02:20:00,Cancelled,Buy Now Pay Later,TX,FC-West-02
ORD-001078,CUST-000612,2024-12-03 18:12:00,Delivered,Direct Bank Transfer,GA,FC-East-01
ORD-001079,CUST-000254,2025-01-01 18:34:00,Delivered,Apple Pay,NC,FC-North-05
ORD-001080,CUST-000302,2026-01-07 00:08:00,Delivered,Credit Card,PA,FC-Central-03
ORD-001081,CUST-000462,2026-03-07 06:11:00,Delivered,Apple Pay,FL,FC-South-04
ORD-001082,CUST-000477,2025-02-05 10:12:00,Delivered,Apple Pay,WA,FC-Central-03
ORD-001083,CUST-000024,2024-06-23 03:41:00,Shipped,Buy Now Pay Later,OH,FC-South-04
ORD-001084,CUST-000505,2026-04-28 01:53:00,Delivered,Direct Bank Transfer,NC,FC-East-01
ORD-001085,CUST-000387,2024-02-17 18:27:00,Cancelled,Credit Card,PA,FC-North-05
ORD-001086,CUST-000558,2025-06-18 09:36:00,Delivered,Apple Pay,MI,FC-East-01
ORD-001087,CUST-000078,2025-09-01 02:35:00,Shipped,Credit Card,TX,FC-North-05
ORD-001088,CUST-000532,2026-06-16 02:36:00,Processing,Buy Now Pay Later,CO,FC-North-05
ORD-001089,CUST-000197,2026-03-11 02:49:00,Returned,Buy Now Pay Later,GA,FC-Central-03
ORD-001090,CUST-000468,2026-02-26 04:41:00,Delivered,Apple Pay,TX,FC-East-01
ORD-001091,CUST-000596,2025-01-13 14:33:00,Delivered,Buy Now Pay Later,OH,FC-East-01
ORD-001092,CUST-000595,2024-11-27 00:39:00,Delivered,Buy Now Pay Later,NY,FC-East-01
ORD-001093,CUST-000233,2024-12-27 13:09:00,Delivered,Apple Pay,WA,FC-West-02
ORD-001094,CUST-000339,2025-07-30 14:41:00,Delivered,PayPal,PA,FC-North-05
ORD-001095,CUST-000597,2024-07-06 06:49:00,Returned,PayPal,IL,FC-West-02
ORD-001096,CUST-000187,2024-05-14 00:34:00,Returned,Direct Bank Transfer,TX,FC-East-01
ORD-001097,CUST-000560,2025-01-22 02:20:00,Delivered,Apple Pay,CO,FC-West-02
ORD-001098,CUST-000216,2024-08-25 09:10:00,Delivered,Buy Now Pay Later,FL,FC-Central-03
ORD-001099,CUST-000225,2026-04-01 11:01:00,Processing,PayPal,CA,FC-South-04
ORD-001100,CUST-000389,2024-02-27 14:55:00,Cancelled,PayPal,NY,FC-South-04
ORD-001101,CUST-000463,2025-04-25 12:12:00,Delivered,PayPal,WA,FC-South-04
ORD-001102,CUST-000129,2024-05-06 05:32:00,Delivered,Direct Bank Transfer,CA,FC-North-05
ORD-001103,CUST-000168,2026-03-16 06:07:00,Shipped,Buy Now Pay Later,PA,FC-North-05
ORD-001104,CUST-000328,2025-04-01 06:13:00,Delivered,Credit Card,PA,FC-North-05
ORD-001105,CUST-000495,2024-10-19 16:07:00,Delivered,Buy Now Pay Later,NY,FC-East-01
ORD-001106,CUST-000394,2026-05-03 13:25:00,Returned,Credit Card,PA,FC-Central-03
ORD-001107,CUST-000321,2026-06-06 02:27:00,Returned,Apple Pay,MI,FC-West-02
ORD-001108,CUST-000087,2025-11-28 20:51:00,Cancelled,Buy Now Pay Later,NY,FC-South-04
ORD-001109,CUST-000285,2026-02-17 20:57:00,Shipped,Apple Pay,TX,FC-East-01
ORD-001110,CUST-000257,2024-07-31 18:00:00,Delivered,PayPal,TX,FC-North-05
ORD-001111,CUST-000145,2026-01-12 15:48:00,Delivered,Credit Card,WA,FC-East-01
ORD-001112,CUST-000217,2026-07-07 23:42:00,Delivered,Apple Pay,WA,FC-Central-03
ORD-001114,CUST-000157,2026-03-01 21:11:00,Delivered,Apple Pay,TX,FC-East-01
ORD-001115,CUST-000031,2025-06-24 06:19:00,Delivered,Buy Now Pay Later,IL,FC-Central-03
ORD-001117,CUST-000487,2024-03-07 23:55:00,Shipped,PayPal,NY,FC-South-04
ORD-001119,CUST-000104,2024-02-16 11:57:00,Delivered,PayPal,OH,FC-East-01
ORD-001121,CUST-000139,2026-06-27 19:51:00,Delivered,Credit Card,GA,FC-Central-03
ORD-001123,CUST-000100,2025-06-04 15:47:00,Delivered,Direct Bank Transfer,TX,FC-West-02
ORD-001124,CUST-000227,2025-07-12 04:51:00,Delivered,PayPal,CO,FC-West-02
ORD-001125,CUST-000085,2026-03-03 03:45:00,Shipped,Buy Now Pay Later,WA,FC-Central-03
ORD-001126,CUST-000109,2024-10-13 07:16:00,Delivered,PayPal,PA,FC-Central-03
ORD-001127,CUST-000479,2025-12-16 18:33:00,Delivered,Direct Bank Transfer,IL,FC-North-05
ORD-001128,CUST-000136,2025-01-01 13:23:00,Delivered,PayPal,MI,FC-North-05
ORD-001129,CUST-000036,2026-03-07 12:40:00,Delivered,Credit Card,TX,FC-West-02
ORD-001130,CUST-000015,2024-06-26 20:02:00,Delivered,PayPal,OH,FC-West-02
ORD-001131,CUST-000335,2024-02-12 18:30:00,Delivered,Buy Now Pay Later,FL,FC-Central-03
ORD-001132,CUST-000598,2025-03-22 14:13:00,Delivered,Buy Now Pay Later,IL,FC-North-05
ORD-001133,CUST-000565,2025-04-26 03:47:00,Delivered,Apple Pay,PA,FC-North-05
ORD-001134,CUST-000350,2024-08-09 08:21:00,Delivered,Buy Now Pay Later,GA,FC-North-05
ORD-001135,CUST-000100,2025-12-16 10:48:00,Delivered,Direct Bank Transfer,CA,FC-Central-03
ORD-001136,CUST-000379,2025-04-12 20:01:00,Processing,Direct Bank Transfer,CA,FC-West-02
ORD-001137,CUST-000235,2025-05-14 03:07:00,Delivered,Direct Bank Transfer,TX,FC-Central-03
ORD-001138,CUST-000360,2024-12-11 14:27:00,Delivered,Direct Bank Transfer,NC,FC-East-01
ORD-001139,CUST-000188,2025-03-14 16:12:00,Delivered,PayPal,NY,FC-West-02
ORD-001140,CUST-000206,2026-02-21 23:22:00,Delivered,Direct Bank Transfer,TX,FC-North-05
ORD-001141,CUST-000583,2026-06-30 16:33:00,Delivered,Credit Card,PA,FC-North-05
ORD-001143,CUST-000104,2025-12-28 05:40:00,Processing,Direct Bank Transfer,MI,FC-West-02
ORD-001144,CUST-000157,2025-08-07 19:27:00,Delivered,PayPal,NY,FC-Central-03
ORD-001145,CUST-000415,2024-11-30 12:57:00,Delivered,Direct Bank Transfer,GA,FC-South-04
ORD-001146,CUST-000485,2024-12-26 04:46:00,Cancelled,Apple Pay,CA,FC-East-01
ORD-001147,CUST-000260,2026-01-26 17:42:00,Delivered,Apple Pay,MI,FC-West-02
ORD-001148,CUST-000637,2025-10-01 02:03:00,Delivered,Buy Now Pay Later,TX,FC-West-02
ORD-001149,CUST-000498,2026-05-23 05:48:00,Delivered,PayPal,TX,FC-South-04
ORD-001150,CUST-000435,2025-03-07 18:12:00,Delivered,PayPal,CA,FC-Central-03
ORD-001151,CUST-000234,2024-11-09 04:57:00,Shipped,Buy Now Pay Later,MI,FC-East-01
ORD-001152,CUST-000607,2025-12-20 04:13:00,Delivered,Buy Now Pay Later,CO,FC-West-02
ORD-001153,CUST-000286,2026-03-20 10:00:00,Returned,Credit Card,IL,FC-North-05
ORD-001154,CUST-000543,2024-05-16 20:38:00,Delivered,Buy Now Pay Later,CO,FC-West-02
ORD-001155,CUST-000454,2024-12-02 03:34:00,Delivered,Direct Bank Transfer,TX,FC-South-04
ORD-001156,CUST-000073,2026-03-14 23:21:00,Delivered,Apple Pay,OH,FC-East-01
ORD-001157,CUST-000264,2024-05-26 20:29:00,Delivered,Buy Now Pay Later,TX,FC-North-05
ORD-001158,CUST-000505,2026-03-18 09:14:00,Delivered,Direct Bank Transfer,CA,FC-East-01
ORD-001159,CUST-000627,2025-10-06 11:15:00,Delivered,Buy Now Pay Later,OH,FC-South-04
ORD-001160,CUST-000059,2025-11-15 03:55:00,Delivered,Apple Pay,IL,FC-Central-03
ORD-001161,CUST-000527,2025-01-02 13:42:00,Delivered,Apple Pay,CA,FC-Central-03
ORD-001162,CUST-000014,2024-05-14 22:51:00,Delivered,Buy Now Pay Later,WA,FC-West-02
ORD-001163,CUST-000513,2024-09-14 18:27:00,Delivered,Apple Pay,MI,FC-East-01
ORD-001164,CUST-000506,2025-08-28 19:53:00,Delivered,Direct Bank Transfer,WA,FC-South-04
ORD-001166,CUST-000613,2026-06-08 20:06:00,Shipped,Direct Bank Transfer,CA,FC-East-01
ORD-001167,CUST-000247,2025-02-04 18:43:00,Shipped,Direct Bank Transfer,OH,FC-South-04
ORD-001168,CUST-000041,2025-01-21 20:50:00,Delivered,Buy Now Pay Later,WA,FC-South-04
ORD-001170,CUST-000587,2024-08-04 00:40:00,Delivered,Apple Pay,IL,FC-East-01
ORD-001171,CUST-000428,2026-05-02 00:46:00,Delivered,Buy Now Pay Later,PA,FC-Central-03
ORD-001172,CUST-000357,2025-01-26 07:17:00,Delivered,Buy Now Pay Later,PA,FC-East-01
ORD-001174,CUST-000567,2025-11-25 10:47:00,Delivered,Buy Now Pay Later,TX,FC-Central-03
ORD-001175,CUST-000518,2026-06-27 02:21:00,Delivered,Apple Pay,NC,FC-North-05
ORD-001176,CUST-000236,2024-12-21 09:06:00,Delivered,Credit Card,PA,FC-South-04
ORD-001177,CUST-000646,2025-06-24 20:11:00,Delivered,Buy Now Pay Later,IL,FC-West-02
ORD-001178,CUST-000504,2025-01-25 10:51:00,Shipped,Buy Now Pay Later,TX,FC-Central-03
ORD-001179,CUST-000174,2024-12-27 00:07:00,Cancelled,PayPal,IL,FC-North-05
ORD-001180,CUST-000525,2026-01-18 20:35:00,Delivered,Apple Pay,NC,FC-North-05
ORD-001181,CUST-000184,2025-03-14 19:44:00,Cancelled,Credit Card,CA,FC-West-02
ORD-001182,CUST-000094,2026-01-29 19:58:00,Delivered,Buy Now Pay Later,TX,FC-Central-03
ORD-001183,CUST-000353,2025-07-30 11:25:00,Cancelled,PayPal,CA,FC-South-04
ORD-001184,CUST-000304,2025-10-21 18:05:00,Returned,Apple Pay,GA,FC-West-02
ORD-001185,CUST-000042,2024-10-09 17:09:00,Delivered,Apple Pay,GA,FC-East-01
ORD-001186,CUST-000232,2026-06-03 22:14:00,Shipped,PayPal,GA,FC-West-02
ORD-001187,CUST-000224,2024-06-28 00:18:00,Returned,PayPal,WA,FC-East-01
ORD-001188,CUST-000500,2026-06-08 14:26:00,Cancelled,Direct Bank Transfer,WA,FC-North-05
ORD-001189,CUST-000198,2025-03-29 05:54:00,Returned,Direct Bank Transfer,OH,FC-North-05
ORD-001190,CUST-000596,2025-03-03 23:16:00,Delivered,Apple Pay,OH,FC-Central-03
ORD-001191,CUST-000384,2025-02-08 07:20:00,Delivered,Direct Bank Transfer,CA,FC-Central-03
ORD-001192,CUST-000139,2024-12-26 22:15:00,Processing,Direct Bank Transfer,TX,FC-North-05
ORD-001193,CUST-000100,2026-04-14 16:45:00,Delivered,Buy Now Pay Later,PA,FC-North-05
ORD-001194,CUST-000109,2026-05-07 19:14:00,Delivered,Apple Pay,FL,FC-North-05
ORD-001195,CUST-000482,2024-11-02 18:53:00,Delivered,Credit Card,WA,FC-South-04
ORD-001196,CUST-000454,2025-06-24 18:27:00,Delivered,Credit Card,NY,FC-West-02
ORD-001197,CUST-000580,2025-05-05 17:41:00,Delivered,Credit Card,GA,FC-Central-03
ORD-001198,CUST-000153,2024-04-06 21:22:00,Shipped,Credit Card,WA,FC-Central-03
ORD-001199,CUST-000261,2026-02-15 00:45:00,Delivered,Direct Bank Transfer,OH,FC-South-04
ORD-001200,CUST-000138,2025-03-12 06:42:00,Shipped,Buy Now Pay Later,NC,FC-Central-03
ORD-001201,CUST-000315,2025-01-04 07:36:00,Processing,Direct Bank Transfer,TX,FC-South-04
ORD-001203,CUST-000371,2025-09-24 03:49:00,Delivered,Credit Card,CA,FC-North-05
ORD-001204,CUST-000549,2025-03-30 23:10:00,Delivered,PayPal,WA,FC-West-02
ORD-001205,CUST-000185,2026-06-05 05:01:00,Returned,Buy Now Pay Later,PA,FC-East-01
ORD-001206,CUST-000093,2024-05-07 12:36:00,Shipped,Buy Now Pay Later,OH,FC-South-04
ORD-001207,CUST-000491,2024-06-21 10:11:00,Delivered,Credit Card,PA,FC-Central-03
ORD-001208,CUST-000183,2026-01-25 13:56:00,Delivered,Apple Pay,CA,FC-South-04
ORD-001209,CUST-000190,2024-10-24 12:12:00,Delivered,PayPal,CO,FC-Central-03
ORD-001210,CUST-000084,2025-01-13 14:48:00,Delivered,Credit Card,IL,FC-North-05
ORD-001211,CUST-000021,2026-07-20 19:03:00,Cancelled,Direct Bank Transfer,CO,FC-East-01
ORD-001212,CUST-000387,2024-05-08 05:00:00,Shipped,Direct Bank Transfer,NY,FC-East-01
ORD-001213,CUST-000339,2025-02-28 09:01:00,Delivered,Direct Bank Transfer,PA,FC-North-05
ORD-001214,CUST-000072,2024-07-26 06:40:00,Processing,Direct Bank Transfer,TX,FC-South-04
ORD-001215,CUST-000555,2024-09-11 11:06:00,Delivered,PayPal,PA,FC-North-05
ORD-001216,CUST-000594,2024-07-31 14:45:00,Processing,PayPal,TX,FC-North-05
ORD-001217,CUST-000461,2024-03-03 19:02:00,Delivered,Direct Bank Transfer,IL,FC-East-01
ORD-001218,CUST-000302,2024-05-21 11:43:00,Delivered,PayPal,NC,FC-North-05
ORD-001219,CUST-000173,2024-05-13 15:12:00,Cancelled,Direct Bank Transfer,WA,FC-West-02
ORD-001220,CUST-000350,2025-05-11 21:35:00,Delivered,Buy Now Pay Later,CA,FC-South-04
ORD-001222,CUST-000509,2024-08-11 12:02:00,Returned,Apple Pay,GA,FC-East-01
ORD-001223,CUST-000614,2024-05-12 16:05:00,Delivered,Apple Pay,WA,FC-North-05
ORD-001224,CUST-000595,2026-01-20 17:33:00,Delivered,Buy Now Pay Later,CO,FC-North-05
ORD-001225,CUST-000208,2024-11-16 10:08:00,Delivered,Buy Now Pay Later,IL,FC-West-02
ORD-001226,CUST-000442,2025-03-20 13:24:00,Delivered,Credit Card,NY,FC-South-04
ORD-001228,CUST-000317,2025-06-24 09:49:00,Delivered,Credit Card,NY,FC-North-05
ORD-001229,CUST-000194,2024-05-02 09:57:00,Shipped,Direct Bank Transfer,NC,FC-North-05
ORD-001230,CUST-000179,2025-11-18 10:47:00,Delivered,Credit Card,NY,FC-North-05
ORD-001231,CUST-000049,2024-12-07 12:12:00,Delivered,Apple Pay,NY,FC-North-05
ORD-001232,CUST-000450,2026-02-26 16:33:00,Processing,PayPal,PA,FC-North-05
ORD-001233,CUST-000046,2024-09-07 03:29:00,Delivered,PayPal,MI,FC-West-02
ORD-001234,CUST-000332,2024-04-15 22:13:00,Processing,Buy Now Pay Later,WA,FC-West-02
ORD-001235,CUST-000637,2024-02-16 01:59:00,Delivered,Buy Now Pay Later,MI,FC-West-02
ORD-001236,CUST-000121,2024-11-24 00:57:00,Returned,PayPal,TX,FC-Central-03
ORD-001237,CUST-000404,2026-05-27 07:23:00,Delivered,Buy Now Pay Later,TX,FC-East-01
ORD-001238,CUST-000147,2025-10-06 07:39:00,Delivered,Apple Pay,CO,FC-South-04
ORD-001239,CUST-000591,2026-01-28 20:19:00,Processing,PayPal,OH,FC-Central-03
ORD-001240,CUST-000011,2025-04-01 13:24:00,Delivered,Apple Pay,GA,FC-West-02
ORD-001242,CUST-000465,2024-06-11 21:44:00,Delivered,PayPal,CO,FC-East-01
ORD-001243,CUST-000119,2024-05-29 05:57:00,Delivered,Buy Now Pay Later,TX,FC-East-01
ORD-001244,CUST-000556,2025-01-01 05:47:00,Delivered,Apple Pay,IL,FC-South-04
ORD-001245,CUST-000556,2024-11-20 09:54:00,Delivered,Direct Bank Transfer,CA,FC-Central-03
ORD-001246,CUST-000124,2025-03-11 06:05:00,Delivered,Direct Bank Transfer,FL,FC-South-04
ORD-001248,CUST-000237,2024-03-10 12:11:00,Delivered,Credit Card,FL,FC-East-01
ORD-001249,CUST-000452,2025-10-23 11:28:00,Delivered,PayPal,WA,FC-South-04
ORD-001250,CUST-000043,2025-12-10 16:49:00,Delivered,PayPal,MI,FC-West-02
ORD-001251,CUST-000329,2024-03-16 18:00:00,Delivered,PayPal,IL,FC-Central-03
ORD-001252,CUST-000181,2025-01-24 14:12:00,Delivered,Credit Card,OH,FC-South-04
ORD-001253,CUST-000158,2024-11-25 16:04:00,Delivered,PayPal,CO,FC-West-02
ORD-001254,CUST-000201,2025-01-09 21:46:00,Delivered,Buy Now Pay Later,GA,FC-East-01
ORD-001255,CUST-000072,2026-06-13 07:38:00,Delivered,Direct Bank Transfer,NC,FC-Central-03
ORD-001256,CUST-000166,2024-06-26 17:20:00,Delivered,Credit Card,CO,FC-East-01
ORD-001257,CUST-000067,2025-03-26 16:34:00,Delivered,Credit Card,MI,FC-North-05
ORD-001258,CUST-000175,2026-02-11 10:23:00,Delivered,Credit Card,CA,FC-West-02
ORD-001259,CUST-000242,2024-02-07 12:00:00,Delivered,Direct Bank Transfer,OH,FC-East-01
ORD-001260,CUST-000587,2024-06-02 07:48:00,Shipped,Credit Card,NC,FC-North-05
ORD-001261,CUST-000076,2024-02-21 20:52:00,Delivered,Buy Now Pay Later,CO,FC-North-05
ORD-001262,CUST-000400,2024-11-16 21:39:00,Delivered,Buy Now Pay Later,MI,FC-South-04
ORD-001263,CUST-000246,2025-12-31 15:39:00,Delivered,Apple Pay,CO,FC-Central-03
ORD-001264,CUST-000471,2025-06-05 04:29:00,Delivered,Direct Bank Transfer,FL,FC-Central-03
ORD-001265,CUST-000149,2024-11-20 20:46:00,Delivered,PayPal,IL,FC-South-04
ORD-001266,CUST-000166,2025-02-11 23:01:00,Delivered,Buy Now Pay Later,TX,FC-Central-03
ORD-001267,CUST-000044,2025-05-16 13:45:00,Delivered,Direct Bank Transfer,OH,FC-West-02
ORD-001268,CUST-000130,2026-06-10 20:22:00,Delivered,PayPal,OH,FC-South-04
ORD-001269,CUST-000433,2025-05-17 23:28:00,Shipped,Buy Now Pay Later,GA,FC-South-04
ORD-001271,CUST-000549,2024-08-29 07:13:00,Delivered,PayPal,FL,FC-North-05
ORD-001272,CUST-000643,2025-02-07 14:35:00,Delivered,Buy Now Pay Later,CO,FC-Central-03
ORD-001273,CUST-000318,2024-09-06 12:09:00,Shipped,Buy Now Pay Later,NC,FC-East-01
ORD-001274,CUST-000469,2024-12-04 19:26:00,Delivered,Credit Card,FL,FC-West-02
ORD-001275,CUST-000350,2025-08-18 05:42:00,Shipped,Buy Now Pay Later,OH,FC-North-05
ORD-001276,CUST-000186,2025-04-29 00:44:00,Delivered,PayPal,WA,FC-South-04
ORD-001277,CUST-000178,2024-11-06 23:43:00,Cancelled,Direct Bank Transfer,CO,FC-West-02
ORD-001278,CUST-000416,2025-09-11 06:09:00,Returned,Buy Now Pay Later,GA,FC-Central-03
ORD-001279,CUST-000254,2026-07-08 23:08:00,Delivered,Buy Now Pay Later,WA,FC-Central-03
ORD-001281,CUST-000088,2024-02-22 00:58:00,Delivered,Credit Card,CA,FC-Central-03
ORD-001283,CUST-000068,2025-02-06 19:58:00,Delivered,Apple Pay,GA,FC-North-05
ORD-001284,CUST-000492,2025-01-12 22:11:00,Returned,Apple Pay,CA,FC-Central-03
ORD-001285,CUST-000582,2024-07-13 04:10:00,Delivered,Buy Now Pay Later,NC,FC-East-01
ORD-001286,CUST-000643,2025-03-26 05:35:00,Delivered,Direct Bank Transfer,MI,FC-South-04
ORD-001287,CUST-000291,2026-01-07 07:07:00,Processing,PayPal,CA,FC-South-04
ORD-001289,CUST-000021,2025-09-23 22:52:00,Delivered,Apple Pay,WA,FC-South-04
ORD-001290,CUST-000592,2024-08-05 14:57:00,Returned,Credit Card,CO,FC-South-04
ORD-001291,CUST-000587,2025-01-18 10:05:00,Delivered,Apple Pay,TX,FC-East-01
ORD-001292,CUST-000140,2025-11-01 09:43:00,Delivered,Buy Now Pay Later,CA,FC-West-02
ORD-001293,CUST-000203,2025-11-11 10:18:00,Delivered,Credit Card,WA,FC-Central-03
ORD-001294,CUST-000513,2024-02-17 19:57:00,Cancelled,Direct Bank Transfer,TX,FC-South-04
ORD-001295,CUST-000378,2026-06-21 08:12:00,Delivered,Direct Bank Transfer,NC,FC-Central-03
ORD-001296,CUST-000025,2025-06-16 10:57:00,Delivered,PayPal,CO,FC-East-01
ORD-001297,CUST-000247,2026-01-18 09:16:00,Delivered,Buy Now Pay Later,PA,FC-South-04
ORD-001300,CUST-000594,2024-02-20 09:24:00,Delivered,PayPal,OH,FC-South-04
ORD-001301,CUST-000402,2024-03-08 22:43:00,Returned,Apple Pay,PA,FC-South-04
ORD-001302,CUST-000380,2026-05-03 16:54:00,Delivered,Buy Now Pay Later,MI,FC-South-04
ORD-001303,CUST-000355,2024-06-15 11:46:00,Delivered,Apple Pay,FL,FC-North-05
ORD-001304,CUST-000507,2024-11-15 08:05:00,Processing,Buy Now Pay Later,CO,FC-East-01
ORD-001305,CUST-000330,2026-07-02 16:57:00,Delivered,Credit Card,TX,FC-East-01
ORD-001306,CUST-000111,2024-10-06 02:11:00,Delivered,Apple Pay,TX,FC-East-01
ORD-001307,CUST-000592,2026-05-01 07:49:00,Processing,Credit Card,NY,FC-East-01
ORD-001308,CUST-000014,2026-02-24 10:55:00,Delivered,Direct Bank Transfer,TX,FC-East-01
ORD-001309,CUST-000603,2025-11-03 14:40:00,Delivered,Apple Pay,WA,FC-East-01
ORD-001310,CUST-000126,2024-03-29 22:08:00,Returned,PayPal,TX,FC-East-01
ORD-001311,CUST-000095,2026-02-05 02:00:00,Delivered,Buy Now Pay Later,FL,FC-West-02
ORD-001312,CUST-000052,2026-02-04 02:24:00,Delivered,Apple Pay,FL,FC-North-05
ORD-001313,CUST-000493,2026-05-18 06:45:00,Delivered,Buy Now Pay Later,MI,FC-North-05
ORD-001314,CUST-000192,2025-05-26 09:46:00,Delivered,Direct Bank Transfer,GA,FC-East-01
ORD-001316,CUST-000149,2026-07-19 17:36:00,Delivered,PayPal,MI,FC-East-01
ORD-001317,CUST-000078,2024-08-11 05:54:00,Delivered,Apple Pay,TX,FC-West-02
ORD-001318,CUST-000409,2025-11-12 18:18:00,Delivered,Direct Bank Transfer,NC,FC-South-04
ORD-001319,CUST-000296,2024-09-11 13:16:00,Delivered,Apple Pay,NC,FC-West-02
ORD-001320,CUST-000008,2025-12-02 21:16:00,Delivered,Apple Pay,CA,FC-West-02
ORD-001321,CUST-000064,2024-04-05 15:22:00,Delivered,Credit Card,OH,FC-North-05
ORD-001322,CUST-000082,2025-12-22 22:28:00,Delivered,Credit Card,PA,FC-East-01
ORD-001323,CUST-000611,2026-03-31 11:44:00,Delivered,Direct Bank Transfer,WA,FC-East-01
ORD-001324,CUST-000271,2026-02-14 10:28:00,Delivered,Apple Pay,PA,FC-South-04
ORD-001325,CUST-000518,2024-12-04 15:20:00,Processing,Direct Bank Transfer,FL,FC-West-02
ORD-001326,CUST-000609,2024-07-24 01:44:00,Delivered,Apple Pay,GA,FC-South-04
ORD-001327,CUST-000478,2024-12-29 12:29:00,Delivered,Buy Now Pay Later,TX,FC-South-04
ORD-001328,CUST-000147,2026-02-25 12:26:00,Cancelled,Credit Card,PA,FC-West-02
ORD-001329,CUST-000395,2026-07-11 20:09:00,Delivered,Buy Now Pay Later,NY,FC-Central-03
ORD-001330,CUST-000450,2026-04-21 21:57:00,Delivered,PayPal,WA,FC-West-02
ORD-001331,CUST-000190,2024-09-10 03:01:00,Delivered,Buy Now Pay Later,TX,FC-South-04
ORD-001332,CUST-000280,2025-01-11 06:01:00,Delivered,Buy Now Pay Later,TX,FC-South-04
ORD-001333,CUST-000314,2026-05-30 17:17:00,Delivered,PayPal,GA,FC-West-02
ORD-001334,CUST-000631,2026-02-11 15:27:00,Shipped,Buy Now Pay Later,GA,FC-West-02
ORD-001335,CUST-000062,2025-01-27 03:04:00,Delivered,Apple Pay,WA,FC-South-04
ORD-001336,CUST-000300,2024-06-24 07:33:00,Shipped,Buy Now Pay Later,OH,FC-West-02
ORD-001337,CUST-000509,2024-02-14 09:40:00,Cancelled,PayPal,CO,FC-Central-03
ORD-001338,CUST-000322,2026-01-01 19:27:00,Delivered,Direct Bank Transfer,WA,FC-East-01
ORD-001339,CUST-000134,2025-07-27 09:21:00,Delivered,Apple Pay,PA,FC-West-02
ORD-001340,CUST-000585,2025-05-30 02:01:00,Delivered,Buy Now Pay Later,OH,FC-Central-03
ORD-001342,CUST-000493,2026-04-16 08:35:00,Delivered,Apple Pay,PA,FC-North-05
ORD-001344,CUST-000617,2025-10-17 07:52:00,Delivered,PayPal,WA,FC-South-04
ORD-001345,CUST-000487,2024-02-20 10:32:00,Delivered,Credit Card,TX,FC-South-04
ORD-001347,CUST-000275,2024-04-09 14:24:00,Delivered,PayPal,MI,FC-Central-03
ORD-001348,CUST-000148,2025-02-07 01:30:00,Delivered,PayPal,CO,FC-West-02
ORD-001349,CUST-000004,2025-01-01 11:52:00,Cancelled,Direct Bank Transfer,NC,FC-South-04
ORD-001350,CUST-000151,2026-04-13 08:20:00,Delivered,Buy Now Pay Later,WA,FC-Central-03
ORD-001351,CUST-000556,2024-08-23 20:12:00,Delivered,Direct Bank Transfer,CA,FC-North-05
ORD-001352,CUST-000306,2026-02-21 01:47:00,Delivered,PayPal,NC,FC-North-05
ORD-001353,CUST-000293,2024-10-12 12:27:00,Delivered,Credit Card,IL,FC-Central-03
ORD-001354,CUST-000212,2024-06-27 09:01:00,Delivered,Credit Card,CA,FC-South-04
ORD-001356,CUST-000618,2025-04-30 10:06:00,Delivered,Apple Pay,IL,FC-South-04
ORD-001357,CUST-000204,2026-01-24 19:29:00,Delivered,Apple Pay,WA,FC-West-02
ORD-001358,CUST-000133,2024-12-27 00:07:00,Delivered,Credit Card,NC,FC-Central-03
ORD-001360,CUST-000450,2025-11-23 10:25:00,Delivered,PayPal,WA,FC-Central-03
ORD-001361,CUST-000036,2025-11-21 09:20:00,Delivered,Direct Bank Transfer,NY,FC-North-05
ORD-001362,CUST-000530,2024-03-29 23:45:00,Delivered,PayPal,CA,FC-South-04
ORD-001363,CUST-000070,2024-06-23 04:06:00,Delivered,Direct Bank Transfer,MI,FC-West-02
ORD-001364,CUST-000243,2024-05-05 11:22:00,Delivered,Apple Pay,OH,FC-East-01
ORD-001365,CUST-000356,2026-03-10 02:31:00,Shipped,Buy Now Pay Later,NY,FC-North-05
ORD-001366,CUST-000544,2025-04-02 20:50:00,Returned,Buy Now Pay Later,NC,FC-West-02
ORD-001368,CUST-000235,2024-10-03 01:41:00,Delivered,Direct Bank Transfer,NY,FC-East-01
ORD-001369,CUST-000233,2025-06-05 01:02:00,Delivered,PayPal,TX,FC-West-02
ORD-001370,CUST-000142,2025-06-27 10:20:00,Delivered,Buy Now Pay Later,NY,FC-South-04
ORD-001371,CUST-000529,2026-03-25 09:31:00,Shipped,Credit Card,NC,FC-South-04
ORD-001372,CUST-000070,2024-03-13 06:37:00,Shipped,Credit Card,FL,FC-West-02
ORD-001373,CUST-000603,2025-06-18 00:22:00,Processing,Credit Card,PA,FC-North-05
ORD-001374,CUST-000528,2026-05-29 05:25:00,Processing,PayPal,NC,FC-West-02
ORD-001375,CUST-000008,2025-11-04 23:39:00,Delivered,Apple Pay,NC,FC-Central-03
ORD-001376,CUST-000388,2025-07-08 12:10:00,Shipped,PayPal,IL,FC-North-05
ORD-001377,CUST-000347,2024-08-19 10:57:00,Shipped,Apple Pay,CA,FC-South-04
ORD-001378,CUST-000296,2025-05-08 00:28:00,Delivered,Direct Bank Transfer,OH,FC-North-05
ORD-001379,CUST-000212,2024-08-08 03:02:00,Cancelled,Buy Now Pay Later,MI,FC-East-01
ORD-001380,CUST-000213,2024-08-23 18:47:00,Delivered,Apple Pay,WA,FC-West-02
ORD-001381,CUST-000314,2025-02-04 14:03:00,Returned,PayPal,IL,FC-North-05
ORD-001382,CUST-000225,2025-07-08 00:19:00,Shipped,Credit Card,TX,FC-West-02
ORD-001383,CUST-000346,2024-08-30 15:46:00,Delivered,Buy Now Pay Later,GA,FC-Central-03
ORD-001384,CUST-000405,2025-10-09 05:58:00,Delivered,Buy Now Pay Later,NC,FC-South-04
ORD-001385,CUST-000621,2024-11-19 21:54:00,Delivered,PayPal,WA,FC-East-01
ORD-001386,CUST-000111,2024-02-01 00:39:00,Shipped,Credit Card,IL,FC-East-01
ORD-001387,CUST-000001,2024-12-07 14:24:00,Shipped,Direct Bank Transfer,CA,FC-West-02
ORD-001389,CUST-000386,2024-04-18 08:26:00,Processing,Credit Card,NY,FC-Central-03
ORD-001390,CUST-000124,2024-12-06 04:16:00,Delivered,Buy Now Pay Later,CA,FC-West-02
ORD-001391,CUST-000032,2025-06-02 05:00:00,Delivered,Credit Card,MI,FC-East-01
ORD-001392,CUST-000243,2025-05-12 18:44:00,Delivered,Direct Bank Transfer,IL,FC-Central-03
ORD-001393,CUST-000024,2026-01-20 18:30:00,Delivered,Credit Card,FL,FC-West-02
ORD-001394,CUST-000067,2025-03-14 21:24:00,Delivered,Credit Card,GA,FC-East-01
ORD-001395,CUST-000448,2026-05-31 14:26:00,Delivered,PayPal,WA,FC-East-01
ORD-001396,CUST-000046,2025-12-04 02:49:00,Delivered,Apple Pay,MI,FC-Central-03
ORD-001397,CUST-000496,2024-08-26 08:01:00,Delivered,Apple Pay,FL,FC-West-02
ORD-001398,CUST-000464,2026-05-10 00:41:00,Processing,Credit Card,OH,FC-North-05
ORD-001399,CUST-000579,2026-01-20 15:50:00,Delivered,PayPal,IL,FC-East-01
ORD-001401,CUST-000169,2025-02-17 21:57:00,Delivered,Apple Pay,NC,FC-North-05
ORD-001402,CUST-000151,2024-12-25 23:40:00,Delivered,Apple Pay,TX,FC-South-04
ORD-001403,CUST-000601,2025-03-18 11:29:00,Delivered,Apple Pay,TX,FC-Central-03
ORD-001404,CUST-000513,2025-12-23 17:26:00,Delivered,Apple Pay,CA,FC-South-04
ORD-001405,CUST-000626,2024-10-17 04:21:00,Delivered,Apple Pay,GA,FC-South-04
ORD-001407,CUST-000650,2024-06-28 19:21:00,Delivered,Direct Bank Transfer,WA,FC-West-02
ORD-001408,CUST-000144,2026-05-16 06:52:00,Delivered,Buy Now Pay Later,OH,FC-East-01
ORD-001409,CUST-000116,2025-06-28 17:02:00,Delivered,Direct Bank Transfer,WA,FC-East-01
ORD-001410,CUST-000005,2024-10-18 17:42:00,Delivered,PayPal,CO,FC-West-02
ORD-001411,CUST-000347,2025-06-15 03:20:00,Shipped,Apple Pay,OH,FC-North-05
ORD-001413,CUST-000423,2026-01-05 03:14:00,Returned,Buy Now Pay Later,MI,FC-West-02
ORD-001414,CUST-000194,2026-02-03 00:57:00,Shipped,Direct Bank Transfer,GA,FC-East-01
ORD-001415,CUST-000149,2024-04-14 22:19:00,Returned,PayPal,IL,FC-South-04
ORD-001416,CUST-000217,2025-08-08 20:06:00,Shipped,PayPal,NY,FC-East-01
ORD-001417,CUST-000032,2024-11-29 03:13:00,Delivered,PayPal,CA,FC-East-01
ORD-001419,CUST-000621,2024-12-04 10:24:00,Delivered,Apple Pay,IL,FC-West-02
ORD-001420,CUST-000444,2025-10-27 18:58:00,Shipped,Buy Now Pay Later,WA,FC-North-05
ORD-001421,CUST-000043,2025-12-27 15:02:00,Delivered,Buy Now Pay Later,PA,FC-Central-03
ORD-001422,CUST-000032,2024-10-19 22:30:00,Delivered,Buy Now Pay Later,CA,FC-North-05
ORD-001423,CUST-000438,2026-01-06 18:39:00,Cancelled,Apple Pay,NY,FC-South-04
ORD-001424,CUST-000394,2024-03-11 15:48:00,Delivered,Credit Card,IL,FC-South-04
ORD-001425,CUST-000563,2024-05-05 02:15:00,Delivered,Credit Card,OH,FC-South-04
ORD-001426,CUST-000350,2024-10-05 19:30:00,Shipped,Credit Card,IL,FC-Central-03
ORD-001427,CUST-000572,2026-04-06 22:54:00,Delivered,Buy Now Pay Later,WA,FC-West-02
ORD-001428,CUST-000426,2024-05-08 00:43:00,Delivered,PayPal,CO,FC-North-05
ORD-001429,CUST-000029,2025-07-03 14:04:00,Shipped,Direct Bank Transfer,GA,FC-West-02
ORD-001430,CUST-000285,2026-01-14 18:24:00,Delivered,Direct Bank Transfer,IL,FC-East-01
ORD-001431,CUST-000607,2024-05-31 22:33:00,Delivered,Buy Now Pay Later,GA,FC-West-02
ORD-001432,CUST-000304,2026-06-24 05:02:00,Delivered,Apple Pay,PA,FC-North-05
ORD-001433,CUST-000442,2024-05-23 21:09:00,Delivered,Credit Card,GA,FC-West-02
ORD-001434,CUST-000504,2024-10-13 00:24:00,Delivered,PayPal,NY,FC-South-04
ORD-001435,CUST-000313,2024-08-06 07:21:00,Cancelled,Direct Bank Transfer,FL,FC-South-04
ORD-001436,CUST-000461,2026-05-08 22:58:00,Processing,Credit Card,TX,FC-East-01
ORD-001437,CUST-000144,2024-06-15 23:38:00,Delivered,Direct Bank Transfer,GA,FC-East-01
ORD-001438,CUST-000515,2025-02-10 22:27:00,Delivered,Credit Card,MI,FC-North-05
ORD-001440,CUST-000289,2025-04-22 17:44:00,Delivered,Buy Now Pay Later,CA,FC-East-01
ORD-001441,CUST-000090,2024-10-27 21:22:00,Delivered,Buy Now Pay Later,NC,FC-South-04
ORD-001442,CUST-000252,2026-07-16 04:07:00,Delivered,Credit Card,CA,FC-West-02
ORD-001443,CUST-000591,2024-08-10 21:12:00,Delivered,Buy Now Pay Later,PA,FC-North-05
ORD-001444,CUST-000577,2024-10-27 15:04:00,Returned,PayPal,OH,FC-North-05
ORD-001445,CUST-000120,2025-08-27 01:14:00,Delivered,PayPal,IL,FC-West-02
ORD-001446,CUST-000138,2026-03-06 22:25:00,Processing,Credit Card,NY,FC-Central-03
ORD-001447,CUST-000529,2026-04-18 00:07:00,Delivered,Direct Bank Transfer,WA,FC-Central-03
ORD-001448,CUST-000550,2024-02-10 09:56:00,Cancelled,PayPal,FL,FC-Central-03
ORD-001449,CUST-000497,2026-05-01 06:12:00,Delivered,Buy Now Pay Later,GA,FC-South-04
ORD-001450,CUST-000222,2024-05-12 05:24:00,Delivered,Direct Bank Transfer,CA,FC-North-05
ORD-001451,CUST-000151,2025-12-15 04:54:00,Cancelled,Direct Bank Transfer,CA,FC-West-02
ORD-001452,CUST-000495,2025-07-10 02:36:00,Cancelled,PayPal,CO,FC-West-02
ORD-001453,CUST-000429,2026-06-09 20:23:00,Delivered,PayPal,OH,FC-Central-03
ORD-001454,CUST-000062,2026-03-12 13:02:00,Delivered,Apple Pay,NY,FC-South-04
ORD-001455,CUST-000199,2025-12-19 23:59:00,Delivered,Apple Pay,GA,FC-South-04
ORD-001456,CUST-000630,2026-06-06 07:47:00,Delivered,PayPal,WA,FC-South-04
ORD-001457,CUST-000528,2025-03-23 20:55:00,Delivered,PayPal,WA,FC-West-02
ORD-001458,CUST-000540,2024-11-21 15:49:00,Processing,Credit Card,WA,FC-South-04
ORD-001459,CUST-000032,2025-04-03 02:35:00,Delivered,Credit Card,CO,FC-West-02
ORD-001460,CUST-000041,2025-02-13 08:25:00,Delivered,Apple Pay,CO,FC-South-04
ORD-001462,CUST-000530,2025-06-14 12:48:00,Delivered,Direct Bank Transfer,CO,FC-North-05
ORD-001463,CUST-000629,2025-10-06 21:50:00,Delivered,Direct Bank Transfer,GA,FC-West-02
ORD-001464,CUST-000350,2024-05-04 22:31:00,Delivered,Apple Pay,NC,FC-North-05
ORD-001465,CUST-000641,2025-11-08 02:16:00,Delivered,Apple Pay,IL,FC-Central-03
ORD-001466,CUST-000618,2025-07-10 07:20:00,Delivered,Apple Pay,WA,FC-West-02
ORD-001467,CUST-000197,2025-01-22 09:12:00,Cancelled,Apple Pay,CO,FC-North-05
ORD-001468,CUST-000427,2024-11-12 08:38:00,Shipped,Buy Now Pay Later,WA,FC-West-02
ORD-001469,CUST-000144,2026-05-02 22:18:00,Processing,PayPal,MI,FC-Central-03
ORD-001470,CUST-000562,2025-08-20 10:13:00,Delivered,Buy Now Pay Later,NC,FC-North-05
ORD-001471,CUST-000179,2024-05-31 23:46:00,Delivered,Apple Pay,FL,FC-West-02
ORD-001472,CUST-000622,2026-04-19 20:53:00,Delivered,Apple Pay,CO,FC-West-02
ORD-001473,CUST-000515,2025-02-18 07:25:00,Delivered,Buy Now Pay Later,WA,FC-Central-03
ORD-001474,CUST-000476,2025-08-04 10:09:00,Delivered,Apple Pay,CA,FC-North-05
ORD-001475,CUST-000261,2024-06-07 12:52:00,Delivered,Direct Bank Transfer,NY,FC-South-04
ORD-001477,CUST-000605,2026-05-21 08:32:00,Delivered,Direct Bank Transfer,FL,FC-South-04
ORD-001478,CUST-000275,2024-03-24 13:40:00,Delivered,Buy Now Pay Later,CA,FC-North-05
ORD-001479,CUST-000493,2025-04-23 12:20:00,Delivered,Credit Card,TX,FC-West-02
ORD-001480,CUST-000127,2025-02-05 01:02:00,Delivered,Credit Card,CA,FC-Central-03
ORD-001481,CUST-000568,2025-08-02 08:08:00,Delivered,Credit Card,FL,FC-South-04
ORD-001482,CUST-000041,2025-12-08 18:03:00,Delivered,Credit Card,PA,FC-East-01
ORD-001483,CUST-000649,2026-02-06 08:18:00,Delivered,Buy Now Pay Later,FL,FC-West-02
ORD-001484,CUST-000228,2025-10-26 19:36:00,Delivered,Apple Pay,PA,FC-North-05
ORD-001485,CUST-000245,2024-07-05 00:35:00,Shipped,Direct Bank Transfer,FL,FC-Central-03
ORD-001487,CUST-000166,2024-05-04 18:47:00,Delivered,Direct Bank Transfer,GA,FC-Central-03
ORD-001488,CUST-000129,2024-05-08 07:54:00,Returned,Buy Now Pay Later,FL,FC-West-02
ORD-001489,CUST-000476,2025-10-17 05:57:00,Delivered,PayPal,IL,FC-West-02
ORD-001490,CUST-000111,2024-02-04 07:42:00,Cancelled,Apple Pay,WA,FC-South-04
ORD-001491,CUST-000624,2026-06-19 12:28:00,Shipped,PayPal,CA,FC-West-02
ORD-001492,CUST-000084,2025-03-25 22:28:00,Delivered,Buy Now Pay Later,MI,FC-West-02
ORD-001494,CUST-000282,2024-08-29 21:31:00,Delivered,Buy Now Pay Later,PA,FC-North-05
ORD-001495,CUST-000334,2024-02-22 15:32:00,Returned,Direct Bank Transfer,GA,FC-South-04
ORD-001496,CUST-000631,2024-08-29 11:09:00,Delivered,Credit Card,MI,FC-North-05
ORD-001497,CUST-000391,2024-07-22 12:13:00,Delivered,PayPal,PA,FC-Central-03
ORD-001498,CUST-000420,2024-11-07 07:45:00,Delivered,Apple Pay,OH,FC-West-02
ORD-001499,CUST-000624,2026-07-18 15:01:00,Delivered,Direct Bank Transfer,CO,FC-West-02
ORD-001500,CUST-000067,2025-05-09 22:51:00,Shipped,Credit Card,WA,FC-South-04
