line_key,order_key,product_key,quantity,unit_price,discount_pct
LINE-0000001,ORD-000001,PROD-000188,2,52.43,0.15
LINE-0000002,ORD-000001,PROD-000130,3,405.27,0.0
LINE-0000003,ORD-000001,PROD-000482,1,29.45,0.0
LINE-0000004,ORD-000002,PROD-000257,-1,159.69,0.15
LINE-0000005,ORD-000002,PROD-000009,1,1086.01,0.0
LINE-0000006,ORD-000003,PROD-000534,1,66.9,0.0
LINE-0000007,ORD-000003,PROD-000022,1,990.09,0.2
LINE-0000008,ORD-000003,PROD-000521,2,35.54,0.0
LINE-0000009,ORD-000004,PROD-000050,1,1454.47,0.0
LINE-0000010,ORD-000004,PROD-000489,2,157.18,0.0
LINE-0000011,ORD-000005,PROD-000384,1,73.3,0.25
LINE-0000012,ORD-000005,PROD-000293,3,78.2,0.05
LINE-0000013,ORD-000006,PROD-000184,3,119.18,0.0
LINE-0000014,ORD-000006,PROD-000115,1,465.34,0.0
LINE-0000015,ORD-000006,PROD-000260,1,248.5,0.2
LINE-0000016,ORD-000006,PROD-000169,1,355.13,0.0
LINE-0000017,ORD-000007,PROD-000302,3,175.06,0.25
LINE-0000018,ORD-000008,PROD-000412,1,12.55,0.15
LINE-0000019,ORD-000008,PROD-000421,1,18.21,0.2
LINE-0000020,ORD-000008,PROD-000546,1,151.81,0.1
LINE-0000021,ORD-000008,PROD-000486,2,109.38,0.2
LINE-0000022,ORD-000009,PROD-000524,1,122.29,0.0
LINE-0000023,ORD-000009,PROD-000520,1,115.76,0.0
LINE-0000024,ORD-000010,PROD-000077,5,73.36,0.1
LINE-0000025,ORD-000010,PROD-000384,1,73.3,0.0
LINE-0000026,ORD-000011,PROD-000399,3,70.9,0.0
LINE-0000027,ORD-000011,PROD-000392,1,50.05,0.15
LINE-0000028,ORD-000011,PROD-000314,1,154.58,0.25
LINE-0000029,ORD-000011,PROD-000390,3,72.92,0.05
LINE-0000030,ORD-000012,PROD-000225,2,46.97,0.2
LINE-0000031,ORD-000013,PROD-000469,2,103.87,2.0
LINE-0000032,ORD-000013,PROD-000146,1,487.67,0.2
LINE-0000033,ORD-000014,PROD-000148,1,244.31,0.05
LINE-0000034,ORD-000014,PROD-000017,1,144.94,0.25
LINE-0000035,ORD-000015,PROD-000507,1,185.8,0.25
LINE-0000036,ORD-000015,PROD-000416,1,61.55,0.15
LINE-0000037,ORD-000015,PROD-000486,1,109.38,0.05
LINE-0000038,ORD-000016,PROD-000136,1,53.41,0.0
LINE-0000039,ORD-000016,PROD-000433,1,39.75,0.0
LINE-0000040,ORD-000016,PROD-000053,1,775.98,0.1
LINE-0000041,ORD-000016,PROD-000257,1,159.69,0.15
LINE-0000042,ORD-000017,PROD-000366,3,117.71,0.25
LINE-0000043,ORD-000018,PROD-000451,2,39.64,0.25
LINE-0000044,ORD-000018,PROD-000081,1,429.22,0.0
LINE-0000045,ORD-000018,PROD-000309,2,159.95,0.25
LINE-0000046,ORD-000018,PROD-000371,3,86.7,0.0
LINE-0000047,ORD-000019,PROD-000347,0,27.56,0.0
LINE-0000048,ORD-000019,PROD-000203,1,332.86,0.0
LINE-0000049,ORD-000019,PROD-000325,1,111.59,0.0
LINE-0000050,ORD-000020,PROD-000284,1,68.94,0.0
LINE-0000051,ORD-000020,PROD-000063,2,194.38,0.05
LINE-0000052,ORD-000021,PROD-000025,5,384.33,0.15
LINE-0000053,ORD-000021,PROD-000468,1,82.53,0.25
LINE-0000054,ORD-000021,PROD-000421,2,18.21,0.15
LINE-0000055,ORD-000022,PROD-000299,1,105.58,0.0
LINE-0000056,ORD-000022,PROD-000384,2,73.3,0.25
LINE-0000057,ORD-000022,PROD-000053,2,775.98,0.25
LINE-0000058,ORD-000023,PROD-000535,1,195.07,0.0
LINE-0000059,ORD-000023,PROD-000038,1,715.11,0.2
LINE-0000060,ORD-000023,PROD-000527,2,75.57,0.15
LINE-0000061,ORD-000023,PROD-000070,5,520.88,0.25
LINE-0000062,ORD-000024,PROD-000150,1,248.39,0.0
LINE-0000063,ORD-000024,PROD-000148,1,244.31,0.2
LINE-0000064,ORD-000024,PROD-000206,1,41.44,0.1
LINE-0000065,ORD-000025,PROD-000231,2,97.82,0.0
LINE-0000066,ORD-000025,PROD-000043,2,29.75,0.0
LINE-0000067,ORD-000025,PROD-000046,2,187.73,0.05
LINE-0000068,ORD-000025,PROD-000318,2,220.88,0.2
LINE-0000069,ORD-000026,PROD-000435,3,77.92,0.2
LINE-0000070,ORD-000026,PROD-000159,3,107.03,0.1
LINE-0000071,ORD-000027,PROD-000001,1,487.03,0.0
LINE-0000072,ORD-000027,PROD-000069,2,1054.97,0.0
LINE-0000073,ORD-000028,PROD-000503,1,87.37,0.25
LINE-0000074,ORD-000028,PROD-000069,1,1054.97,0.0
LINE-0000075,ORD-000028,PROD-000230,4,147.17,0.25
LINE-0000076,ORD-000029,PROD-000083,2,764.68,0.25
LINE-0000077,ORD-000030,PROD-000389,5,99.07,0.15
LINE-0000078,ORD-000030,PROD-000489,1,157.18,0.15
LINE-0000079,ORD-000030,PROD-000271,1,122.91,0.0
LINE-0000080,ORD-000031,PROD-000257,1,159.69,0.2
LINE-0000081,ORD-000031,PROD-000237,1,196.84,0.25
LINE-0000082,ORD-000031,PROD-000023,1,739.06,0.1
LINE-0000083,ORD-000032,PROD-000530,1,17.09,0.2
LINE-0000084,ORD-000032,PROD-000315,1,165.68,0.0
LINE-0000085,ORD-000032,PROD-000519,4,69.76,0.1
LINE-0000086,ORD-000033,PROD-000112,1,330.17,0.05
LINE-0000087,ORD-000033,PROD-000155,1,318.18,0.05
LINE-0000088,ORD-000033,PROD-000234,2,242.58,0.25
LINE-0000089,ORD-000034,PROD-000103,1,612.87,0.15
LINE-0000090,ORD-000034,PROD-000526,4,15.1,0.2
LINE-0000091,ORD-000035,PROD-000437,2,39.62,0.05
LINE-0000092,ORD-000035,PROD-000347,1,27.56,0.0
LINE-0000093,ORD-000035,PROD-000314,2,154.58,0.25
LINE-0000094,ORD-000035,PROD-000085,2,735.76,0.0
LINE-0000095,ORD-000036,PROD-000059,2,1314.73,0.2
LINE-0000096,ORD-000036,PROD-000454,3,149.0,0.0
LINE-0000097,ORD-000036,PROD-000423,2,42.83,0.2
LINE-0000098,ORD-000037,PROD-000032,2,239.97,0.1
LINE-0000099,ORD-000037,PROD-000349,1,42.44,0.05
LINE-0000100,ORD-000037,PROD-000387,2,76.84,0.25
LINE-0000101,ORD-000037,PROD-000124,4,372.72,0.25
LINE-0000102,ORD-000038,PROD-000224,2,60.55,0.1
LINE-0000103,ORD-000038,PROD-000423,2,42.83,0.05
LINE-0000104,ORD-000038,PROD-000448,1,45.04,0.0
LINE-0000105,ORD-000038,PROD-000246,2,89.32,0.15
LINE-0000106,ORD-000039,PROD-000342,5,40.18,0.0
LINE-0000107,ORD-000039,PROD-000393,1,20.09,0.0
LINE-0000108,ORD-000040,PROD-000086,1,1346.85,0.0
LINE-0000109,ORD-000041,PROD-000446,1,194.9,0.0
LINE-0000110,ORD-000041,PROD-000513,1,129.38,0.0
LINE-0000111,ORD-000042,PROD-000003,2,266.03,0.25
LINE-0000112,ORD-000043,PROD-000034,1,0.0,0.1
LINE-0000113,ORD-000043,PROD-000139,1,314.59,0.15
LINE-0000114,ORD-000044,PROD-000092,2,378.23,0.1
LINE-0000115,ORD-000044,PROD-000042,2,620.64,0.15
LINE-0000116,ORD-000044,PROD-000173,2,49.13,0.0
LINE-0000117,ORD-000045,PROD-000086,2,1346.85,0.0
LINE-0000118,ORD-000046,PROD-000201,2,223.57,0.0
LINE-0000119,ORD-000047,PROD-000511,2,124.59,0.0
LINE-0000120,ORD-000047,PROD-000113,2,262.56,0.1
LINE-0000121,ORD-000047,PROD-000281,1,212.17,0.0
LINE-0000122,ORD-000047,PROD-000306,2,194.88,0.0
LINE-0000123,ORD-000048,PROD-000273,1,176.37,0.25
LINE-0000124,ORD-000048,PROD-000165,1,256.3,0.05
LINE-0000125,ORD-000048,PROD-000536,1,19.02,0.1
LINE-0000126,ORD-000048,PROD-000101,3,831.86,0.0
LINE-0000127,ORD-000049,PROD-000354,2,19.9,0.15
LINE-0000128,ORD-000049,PROD-000170,1,-69.28,0.1
LINE-0000129,ORD-000049,PROD-000493,2,37.65,0.1
LINE-0000130,ORD-000049,PROD-000472,1,155.29,0.2
LINE-0000131,ORD-000050,PROD-000246,-1,89.32,0.05
LINE-0000132,ORD-000050,PROD-000324,3,53.68,0.25
LINE-0000133,ORD-000050,PROD-000342,2,40.18,0.0
LINE-0000134,ORD-000050,PROD-000220,2,88.57,0.0
LINE-0000135,ORD-000051,PROD-000083,1,764.68,0.0
LINE-0000136,ORD-000052,PROD-000155,1,318.18,0.0
LINE-0000137,ORD-000053,PROD-000132,3,274.51,0.15
LINE-0000138,ORD-000053,PROD-000156,2,251.59,0.15
LINE-0000139,ORD-000053,PROD-000077,1,73.36,0.05
LINE-0000140,ORD-000053,PROD-000297,1,224.4,0.25
LINE-0000141,ORD-000054,PROD-000427,1,-17.55,0.25
LINE-0000142,ORD-000054,PROD-000128,1,321.05,0.0
LINE-0000143,ORD-000054,PROD-000317,1,81.73,0.15
LINE-0000144,ORD-000054,PROD-000219,1,139.96,0.0
LINE-0000145,ORD-000055,PROD-000201,4,223.57,0.0
LINE-0000146,ORD-000055,PROD-000361,1,81.85,0.1
LINE-0000147,ORD-000055,PROD-000069,1,1054.97,0.2
LINE-0000148,ORD-000055,PROD-000051,1,917.65,0.0
LINE-0000149,ORD-000056,PROD-000483,1,141.02,0.0
LINE-0000150,ORD-000056,PROD-990423,3,103.9,0.15
LINE-0000151,ORD-000056,PROD-000339,1,71.56,0.2
LINE-0000152,ORD-000056,PROD-000469,2,103.87,0.15
LINE-0000153,ORD-000057,PROD-000008,3,660.87,0.1
LINE-0000004,ORD-000057,PROD-000172,1,358.58,0.2
LINE-0000155,ORD-000058,PROD-000507,2,185.8,0.15
LINE-0000156,ORD-000059,PROD-000044,4,781.51,0.05
LINE-0000157,ORD-000059,PROD-000146,1,487.67,0.25
LINE-0000158,ORD-000060,PROD-000212,1,473.4,0.0
LINE-0000159,ORD-000060,PROD-000189,4,451.02,0.0
LINE-0000160,ORD-000060,PROD-000435,3,77.92,0.15
LINE-0000161,ORD-000061,PROD-000389,1,99.07,0.0
LINE-0000162,ORD-000061,PROD-000353,2,110.89,0.25
LINE-0000163,ORD-000061,PROD-000003,1,266.03,0.05
LINE-0000164,ORD-000062,PROD-000155,3,318.18,0.1
LINE-0000165,ORD-000062,PROD-000348,1,-75.18,0.2
LINE-0000166,ORD-000063,PROD-000453,1,161.91,0.25
LINE-0000167,ORD-000063,PROD-000041,2,1349.37,0.1
LINE-0000168,ORD-000064,PROD-000046,4,187.73,0.2
LINE-0000169,ORD-000064,PROD-000299,3,105.58,0.0
LINE-0000170,ORD-000064,PROD-000348,1,-75.18,0.25
LINE-0000171,ORD-000064,PROD-000019,1,1013.04,0.2
LINE-0000172,ORD-000065,PROD-000242,4,57.59,0.1
LINE-0000173,ORD-000065,PROD-000330,4,186.08,0.1
LINE-0000174,ORD-000065,PROD-000234,-1,242.58,0.0
LINE-0000175,ORD-000065,PROD-000469,2,103.87,0.05
LINE-0000176,ORD-000066,PROD-000412,1,12.55,0.05
LINE-0000177,ORD-000066,PROD-000279,1,-88.05,0.0
LINE-0000178,ORD-000066,PROD-000005,1,247.55,0.05
LINE-0000179,ORD-000067,PROD-000250,1,143.2,0.0
LINE-0000180,ORD-000067,PROD-000414,1,26.39,0.0
LINE-0000181,ORD-000067,PROD-000003,3,266.03,0.1
LINE-0000182,ORD-000067,PROD-000448,1,45.04,0.2
LINE-0000183,ORD-000068,PROD-000522,1,103.2,0.1
LINE-0000184,ORD-000069,PROD-000517,1,104.59,0.05
LINE-0000185,ORD-000070,PROD-000121,1,64.95,0.15
LINE-0000186,ORD-000070,PROD-000246,1,89.32,0.0
LINE-0000187,ORD-000070,PROD-000406,2,21.87,0.05
LINE-0000188,ORD-000071,PROD-000447,1,17.81,0.0
LINE-0000189,ORD-000072,PROD-000257,2,159.69,0.0
LINE-0000190,ORD-000072,PROD-000500,4,98.51,0.0
LINE-0000191,ORD-000072,PROD-000022,1,990.09,0.1
LINE-0000192,ORD-000073,PROD-000307,4,206.66,0.2
LINE-0000193,ORD-000073,PROD-000270,4,67.77,0.0
LINE-0000194,ORD-000074,PROD-000213,3,156.85,0.1
LINE-0000195,ORD-000074,PROD-000171,2,403.48,0.1
LINE-0000196,ORD-000074,PROD-000378,2,52.29,0.0
LINE-0000197,ORD-000074,PROD-000102,2,292.18,0.0
LINE-0000198,ORD-000075,PROD-000127,2,485.22,0.05
LINE-0000199,ORD-000075,PROD-000004,1,815.87,0.0
LINE-0000200,ORD-000076,PROD-000188,4,52.43,0.15
LINE-0000201,ORD-000076,PROD-000119,2,96.14,0.0
LINE-0000202,ORD-000076,PROD-000471,2,179.6,0.25
LINE-0000203,ORD-000077,PROD-000501,1,115.85,0.1
LINE-0000204,ORD-000078,PROD-000372,1,113.32,0.0
LINE-0000205,ORD-000079,PROD-000185,1,291.76,0.1
LINE-0000206,ORD-000079,PROD-000405,-5,14.81,0.0
LINE-0000207,ORD-000079,PROD-000198,1,56.25,0.0
LINE-0000208,ORD-000080,PROD-000170,1,-69.28,0.0
LINE-0000209,ORD-000081,PROD-000168,1,107.92,0.25
LINE-0000210,ORD-000081,PROD-000543,1,192.79,0.15
LINE-0000211,ORD-000081,PROD-000203,1,332.86,0.0
LINE-0000212,ORD-000082,PROD-000406,5,21.87,0.2
LINE-0000213,ORD-000082,PROD-000450,1,184.87,0.05
LINE-0000214,ORD-000082,PROD-000109,1,952.19,0.0
LINE-0000215,ORD-000083,PROD-000504,1,162.45,0.05
LINE-0000216,ORD-000083,PROD-000070,1,520.88,0.25
LINE-0000217,ORD-000084,PROD-000404,1,36.89,0.0
LINE-0000218,ORD-000084,PROD-000337,2,109.56,0.0
LINE-0000219,ORD-000084,PROD-000385,4,11.11,0.25
LINE-0000220,ORD-000084,PROD-990496,1,116.36,0.05
LINE-0000221,ORD-000085,PROD-000371,2,86.7,0.0
LINE-0000222,ORD-000086,PROD-000354,1,19.9,1.5
LINE-0000223,ORD-000086,PROD-000433,1,39.75,0.25
LINE-0000224,ORD-000086,PROD-000008,1,660.87,0.0
LINE-0000225,ORD-000087,PROD-000101,1,831.86,0.0
LINE-0000226,ORD-000087,PROD-000542,2,143.62,0.0
LINE-0000027,ORD-000088,PROD-000515,2,39.01,0.15
LINE-0000228,ORD-000088,PROD-000356,2,85.61,0.05
LINE-0000229,ORD-000088,PROD-000125,1,97.73,0.1
LINE-0000230,ORD-000088,PROD-000034,2,0.0,0.2
LINE-0000231,ORD-000089,PROD-000040,1,863.83,0.1
LINE-0000232,ORD-000089,PROD-000112,1,330.17,0.0
LINE-0000233,ORD-000089,PROD-000057,1,1133.52,0.1
LINE-0000234,ORD-000090,PROD-000160,2,148.52,0.0
LINE-0000235,ORD-000090,PROD-000295,5,61.56,0.15
LINE-0000236,ORD-000090,PROD-000356,1,85.61,0.0
LINE-0000237,ORD-000090,PROD-000429,2,49.57,0.25
LINE-0000238,ORD-000091,PROD-000315,2,165.68,0.0
LINE-0000239,ORD-000091,PROD-000424,3,60.47,0.1
LINE-0000240,ORD-000091,PROD-000024,1,858.95,0.15
LINE-0000241,ORD-000092,PROD-000098,2,68.18,0.0
LINE-0000242,ORD-000092,PROD-000143,2,402.73,0.15
LINE-0000243,ORD-000093,PROD-000100,3,581.54,0.1
LINE-0000244,ORD-000094,PROD-000333,1,67.42,0.05
LINE-0000245,ORD-000094,PROD-000129,4,325.16,0.0
LINE-0000246,ORD-000094,PROD-000192,1,388.63,0.05
LINE-0000247,ORD-000095,PROD-000291,3,223.67,0.1
LINE-0000248,ORD-000096,PROD-000312,1,148.86,0.1
LINE-0000249,ORD-000097,PROD-000421,1,18.21,0.0
LINE-0000250,ORD-000098,PROD-000438,1,114.67,0.1
LINE-0000251,ORD-000098,PROD-000098,1,68.18,0.0
LINE-0000252,ORD-000098,PROD-000349,1,42.44,0.0
LINE-0000253,ORD-000099,PROD-000099,1,786.93,0.0
LINE-0000254,ORD-000100,PROD-000497,1,185.59,0.0
LINE-0000255,ORD-000101,PROD-000377,1,28.59,0.0
LINE-0000256,ORD-000101,PROD-000423,2,42.83,0.05
LINE-0000257,ORD-000101,PROD-000112,3,330.17,0.0
LINE-0000258,ORD-000101,PROD-000278,2,198.69,0.15
LINE-0000259,ORD-000102,PROD-000194,1,288.97,0.0
LINE-0000260,ORD-000102,PROD-000109,1,952.19,0.25
LINE-0000261,ORD-000103,PROD-000132,4,274.51,0.05
LINE-0000262,ORD-000103,PROD-000177,1,355.73,0.2
LINE-0000263,ORD-000104,PROD-000544,1,163.69,0.1
LINE-0000264,ORD-000105,PROD-000513,4,129.38,0.0
LINE-0000265,ORD-000105,PROD-000249,4,180.47,0.2
LINE-0000266,ORD-000106,PROD-000405,1,14.81,0.1
LINE-0000267,ORD-000106,PROD-000202,2,215.58,0.15
LINE-0000268,ORD-000107,PROD-990666,1,41.82,0.1
LINE-0000269,ORD-000107,PROD-000429,2,49.57,0.1
LINE-0000270,ORD-000108,PROD-000130,1,405.27,0.1
LINE-0000271,ORD-000108,PROD-000438,1,114.67,0.25
LINE-0000272,ORD-000109,PROD-000120,2,471.1,0.2
LINE-0000273,ORD-000110,PROD-000265,1,137.1,0.0
LINE-0000274,ORD-000110,PROD-000134,2,196.21,0.0
LINE-0000275,ORD-000111,PROD-000138,1,428.93,0.05
LINE-0000276,ORD-000111,PROD-000042,3,620.64,0.05
LINE-0000277,ORD-000112,PROD-000075,3,669.67,0.2
LINE-0000278,ORD-000113,PROD-000229,1,43.74,0.0
LINE-0000279,ORD-000113,PROD-000291,2,223.67,0.0
LINE-0000280,ORD-000114,PROD-000116,1,454.92,0.2
LINE-0000281,ORD-000114,PROD-000015,1,841.49,0.0
LINE-0000282,ORD-000115,PROD-000216,1,34.27,0.0
LINE-0000283,ORD-000115,PROD-000465,3,109.8,0.0
LINE-0000284,ORD-000115,PROD-000150,3,248.39,0.15
LINE-0000285,ORD-000116,PROD-000428,4,112.47,0.1
LINE-0000286,ORD-000116,PROD-000395,3,81.33,0.25
LINE-0000287,ORD-000116,PROD-000540,4,136.05,0.05
LINE-0000288,ORD-000117,PROD-000216,1,34.27,0.15
LINE-0000289,ORD-000117,PROD-000406,4,21.87,0.05
LINE-0000290,ORD-000118,PROD-000510,2,159.99,0.1
LINE-0000291,ORD-000118,PROD-000509,1,90.68,0.2
LINE-0000292,ORD-000119,PROD-000264,-5,124.31,0.0
LINE-0000293,ORD-000120,PROD-000483,1,141.02,0.25
LINE-0000294,ORD-000120,PROD-000166,1,325.83,0.1
LINE-0000295,ORD-000120,PROD-000064,1,177.73,0.05
LINE-0000296,ORD-000120,PROD-000063,1,194.38,0.2
LINE-0000297,ORD-000121,PROD-000302,1,175.06,0.0
LINE-0000298,ORD-000122,PROD-000294,3,49.9,0.0
LINE-0000299,ORD-000122,PROD-000186,2,90.7,0.25
LINE-0000300,ORD-000122,PROD-000444,1,80.65,0.0
LINE-0000301,ORD-000123,PROD-000364,1,17.2,0.05
LINE-0000302,ORD-000123,PROD-000318,1,220.88,0.1
LINE-0000303,ORD-000123,PROD-000235,1,247.2,0.25
LINE-0000304,ORD-000123,PROD-000469,3,103.87,0.2
LINE-0000305,ORD-000124,PROD-000168,1,107.92,0.25
LINE-0000306,ORD-000124,PROD-000500,2,98.51,0.0
LINE-0000307,ORD-000124,PROD-000231,2,97.82,0.0
LINE-0000308,ORD-000125,PROD-000506,2,26.14,0.05
LINE-0000309,ORD-000125,PROD-000401,3,78.53,0.0
LINE-0000310,ORD-000126,PROD-000282,1,156.35,0.15
LINE-0000311,ORD-000127,PROD-000104,3,358.27,0.1
LINE-0000312,ORD-000127,PROD-000286,2,132.67,0.2
LINE-0000313,ORD-000127,PROD-000537,2,192.0,0.0
LINE-0000314,ORD-000128,PROD-000112,2,330.17,0.05
LINE-0000315,ORD-000129,PROD-000264,3,124.31,0.25
LINE-0000316,ORD-000129,PROD-000256,5,117.44,0.0
LINE-0000317,ORD-000129,PROD-000192,1,388.63,0.0
LINE-0000318,ORD-000130,PROD-000343,3,110.01,0.2
LINE-0000319,ORD-000131,PROD-000002,2,141.86,0.0
LINE-0000320,ORD-000131,PROD-000501,1,115.85,0.0
LINE-0000321,ORD-000131,PROD-000203,4,332.86,0.1
LINE-0000322,ORD-000132,PROD-000263,1,225.65,0.15
LINE-0000323,ORD-000132,PROD-000286,2,132.67,0.0
LINE-0000324,ORD-000132,PROD-000209,1,140.44,0.2
LINE-0000325,ORD-000132,PROD-000419,1,90.41,0.25
LINE-0000326,ORD-000133,PROD-000256,3,117.44,0.0
LINE-0000327,ORD-000133,PROD-000340,1,14.72,0.15
LINE-0000328,ORD-000134,PROD-000491,1,18.21,0.25
LINE-0000329,ORD-000134,PROD-000252,1,112.15,0.05
LINE-0000330,ORD-000134,PROD-000349,1,42.44,0.2
LINE-0000331,ORD-000135,PROD-000080,3,1094.68,0.0
LINE-0000332,ORD-000136,PROD-000242,3,57.59,0.0
LINE-0000333,ORD-000136,PROD-000428,1,112.47,0.05
LINE-0000334,ORD-000137,PROD-000430,2,71.02,0.0
LINE-0000335,ORD-000137,PROD-000076,1,1180.25,0.05
LINE-0000336,ORD-000137,PROD-000108,2,166.47,0.05
LINE-0000337,ORD-000137,PROD-000459,1,103.18,0.05
LINE-0000338,ORD-000138,PROD-000102,1,292.18,0.0
LINE-0000339,ORD-000138,PROD-000038,1,715.11,0.2
LINE-0000340,ORD-000138,PROD-000269,2,146.12,0.0
LINE-0000341,ORD-000139,PROD-000469,1,103.87,0.15
LINE-0000342,ORD-000139,PROD-000219,1,139.96,0.05
LINE-0000343,ORD-000139,PROD-000098,3,68.18,0.0
LINE-0000344,ORD-000140,PROD-000262,2,150.0,0.05
LINE-0000045,ORD-000141,PROD-000496,1,46.38,0.1
LINE-0000346,ORD-000142,PROD-000007,3,44.74,0.05
LINE-0000347,ORD-000142,PROD-000510,3,159.99,0.2
LINE-0000348,ORD-000143,PROD-000105,1,1287.33,0.05
LINE-0000349,ORD-000143,PROD-000093,2,935.51,0.1
LINE-0000350,ORD-000143,PROD-000524,1,122.29,0.0
LINE-0000351,ORD-000144,PROD-000365,2,37.65,0.0
LINE-0000352,ORD-000144,PROD-000373,1,99.15,0.0
LINE-0000353,ORD-000144,PROD-000472,2,155.29,0.0
LINE-0000354,ORD-000144,PROD-000172,1,358.58,0.1
LINE-0000355,ORD-000145,PROD-000180,1,385.62,0.05
LINE-0000356,ORD-000145,PROD-000164,4,334.26,0.0
LINE-0000357,ORD-000146,PROD-000205,1,128.23,0.05
LINE-0000358,ORD-000146,PROD-000219,3,139.96,0.0
LINE-0000359,ORD-000147,PROD-000480,5,140.78,0.05
LINE-0000360,ORD-000147,PROD-000064,3,177.73,0.0
LINE-0000361,ORD-000147,PROD-000469,1,103.87,0.0
LINE-0000012,ORD-000148,PROD-000214,3,488.65,0.15
LINE-0000363,ORD-000149,PROD-000450,1,184.87,0.0
LINE-0000364,ORD-000149,PROD-000161,1,90.18,0.25
LINE-0000365,ORD-000149,PROD-000066,3,1137.35,0.2
LINE-0000366,ORD-000150,PROD-000179,2,467.75,0.15
LINE-0000367,ORD-000151,PROD-000184,1,119.18,0.2
LINE-0000368,ORD-000152,PROD-000088,1,1434.05,0.0
LINE-0000369,ORD-000153,PROD-000076,3,1180.25,0.2
LINE-0000370,ORD-000153,PROD-000161,2,90.18,0.0
LINE-0000371,ORD-000154,PROD-000240,1,220.96,0.15
LINE-0000372,ORD-000154,PROD-000174,3,366.7,0.25
LINE-0000373,ORD-000154,PROD-000280,1,175.3,0.0
LINE-0000374,ORD-000154,PROD-000541,1,107.91,0.05
LINE-0000375,ORD-000155,PROD-000443,2,35.06,0.15
LINE-0000376,ORD-000155,PROD-000180,5,385.62,0.1
LINE-0000377,ORD-000155,PROD-000463,1,163.07,0.05
LINE-0000378,ORD-000155,PROD-000293,1,78.2,0.0
LINE-0000379,ORD-000156,PROD-000423,1,42.83,0.2
LINE-0000380,ORD-000156,PROD-000310,3,61.95,0.25
LINE-0000381,ORD-000157,PROD-000121,1,64.95,0.0
LINE-0000382,ORD-000158,PROD-000241,1,246.15,0.0
LINE-0000383,ORD-000159,PROD-000412,5,12.55,0.0
LINE-0000384,ORD-000159,PROD-000141,1,151.82,0.05
LINE-0000385,ORD-000159,PROD-000055,2,793.6,0.0
LINE-0000386,ORD-000159,PROD-000539,1,75.98,0.05
LINE-0000387,ORD-000160,PROD-000529,3,175.09,0.0
LINE-0000388,ORD-000161,PROD-000087,1,586.35,0.0
LINE-0000389,ORD-000161,PROD-000355,1,35.83,0.1
LINE-0000390,ORD-000162,PROD-000348,1,-75.18,0.0
LINE-0000391,ORD-000162,PROD-000142,2,0.0,0.2
LINE-0000392,ORD-000162,PROD-000187,2,408.36,0.25
LINE-0000393,ORD-000163,PROD-000146,1,487.67,0.0
LINE-0000394,ORD-000163,PROD-000231,1,97.82,0.0
LINE-0000395,ORD-000164,PROD-000075,3,669.67,0.25
LINE-0000396,ORD-000164,PROD-000440,1,11.44,0.0
LINE-0000397,ORD-000164,PROD-000084,1,816.09,0.1
LINE-0000398,ORD-000164,PROD-000337,2,109.56,0.15
LINE-0000399,ORD-000165,PROD-000034,1,0.0,0.0
LINE-0000400,ORD-000166,PROD-000025,1,384.33,0.0
LINE-0000401,ORD-000167,PROD-000338,1,41.69,0.0
LINE-0000402,ORD-000168,PROD-000086,1,1346.85,0.05
LINE-0000403,ORD-000169,PROD-000103,1,612.87,0.0
LINE-0000404,ORD-000169,PROD-000457,2,158.43,0.0
LINE-0000405,ORD-000169,PROD-000388,2,75.03,0.15
LINE-0000406,ORD-000169,PROD-000059,1,1314.73,0.15
LINE-0000407,ORD-000170,PROD-000120,3,471.1,0.1
LINE-0000408,ORD-000170,PROD-000525,1,15.34,0.0
LINE-0000409,ORD-000170,PROD-000304,2,178.65,0.0
LINE-0000410,ORD-000170,PROD-000307,1,206.66,0.0
LINE-0000411,ORD-000171,PROD-000302,2,175.06,0.0
LINE-0000412,ORD-000171,PROD-000511,1,124.59,0.0
LINE-0000413,ORD-000171,PROD-000543,1,192.79,0.1
LINE-0000414,ORD-000171,PROD-000080,1,1094.68,0.0
LINE-0000415,ORD-000172,PROD-000396,1,31.87,0.2
LINE-0000416,ORD-000172,PROD-000489,1,157.18,0.25
LINE-0000417,ORD-000172,PROD-000042,2,620.64,0.0
LINE-0000418,ORD-000173,PROD-000051,3,917.65,0.0
LINE-0000419,ORD-000174,PROD-000257,1,159.69,0.15
LINE-0000420,ORD-000174,PROD-000394,3,106.63,0.0
LINE-0000421,ORD-000174,PROD-000361,2,81.85,0.15
LINE-0000422,ORD-000175,PROD-000157,3,108.58,0.0
LINE-0000423,ORD-000175,PROD-000422,2,41.82,0.05
LINE-0000424,ORD-000175,PROD-000394,2,106.63,0.2
LINE-0000425,ORD-000176,PROD-000283,1,87.19,0.05
LINE-0000426,ORD-000176,PROD-000532,2,118.36,0.15
LINE-0000427,ORD-000177,PROD-000051,4,917.65,0.0
LINE-0000428,ORD-000177,PROD-000382,0,15.21,0.2
LINE-0000429,ORD-000177,PROD-000325,1,111.59,0.0
LINE-0000430,ORD-000178,PROD-000490,1,160.67,0.0
LINE-0000431,ORD-000179,PROD-000217,4,376.02,0.15
LINE-0000432,ORD-000179,PROD-000252,1,112.15,0.0
LINE-0000433,ORD-000179,PROD-000428,2,112.47,0.0
LINE-0000434,ORD-000179,PROD-000480,3,140.78,0.0
LINE-0000435,ORD-000180,PROD-000064,5,177.73,0.1
LINE-0000436,ORD-000181,PROD-000128,1,321.05,0.2
LINE-0000437,ORD-000182,PROD-000550,2,116.36,0.1
LINE-0000438,ORD-000182,PROD-000130,3,405.27,0.1
LINE-0000439,ORD-000182,PROD-000006,1,100.31,0.0
LINE-0000440,ORD-000183,PROD-000519,2,69.76,0.2
LINE-0000441,ORD-000183,PROD-000260,1,248.5,0.05
LINE-0000442,ORD-000183,PROD-000537,2,192.0,0.0
LINE-0000443,ORD-000183,PROD-000203,1,332.86,0.2
LINE-0000444,ORD-000184,PROD-000254,1,72.61,0.0
LINE-0000445,ORD-000184,PROD-000162,1,15.34,0.2
LINE-0000446,ORD-000184,PROD-000069,1,1054.97,0.1
LINE-0000447,ORD-000185,PROD-000543,1,192.79,0.2
LINE-0000448,ORD-000185,PROD-000322,2,19.91,0.1
LINE-0000449,ORD-000186,PROD-000022,1,990.09,0.2
LINE-0000450,ORD-000186,PROD-000254,1,72.61,0.0
LINE-0000451,ORD-000187,PROD-000550,2,116.36,0.0
LINE-0000452,ORD-000187,PROD-000449,2,80.84,0.1
LINE-0000453,ORD-000187,PROD-000224,1,60.55,0.1
LINE-0000454,ORD-000188,PROD-000482,4,29.45,0.0
LINE-0000455,ORD-000189,PROD-000306,1,194.88,0.15
LINE-0000456,ORD-000189,PROD-000407,3,55.51,0.1
LINE-0000457,ORD-000189,PROD-000164,1,334.26,0.0
LINE-0000458,ORD-000189,PROD-000371,2,86.7,0.0
LINE-0000459,ORD-000190,PROD-000240,5,220.96,0.1
LINE-0000460,ORD-000190,PROD-000385,3,11.11,0.05
LINE-0000461,ORD-000190,PROD-000356,2,85.61,0.0
LINE-0000462,ORD-000190,PROD-000196,2,58.68,0.0
LINE-0000463,ORD-000191,PROD-000394,1,106.63,0.1
LINE-0000464,ORD-000191,PROD-000323,2,181.54,0.0
LINE-0000465,ORD-000191,PROD-000429,2,49.57,0.05
LINE-0000466,ORD-000191,PROD-000294,5,49.9,0.0
LINE-0000467,ORD-000192,PROD-000253,1,40.42,0.0
LINE-0000468,ORD-000192,PROD-000521,1,35.54,0.1
LINE-0000469,ORD-000192,PROD-000540,2,136.05,0.15
LINE-0000470,ORD-000193,PROD-000485,1,101.1,0.15
LINE-0000471,ORD-000193,PROD-000065,1,813.43,0.0
LINE-0000472,ORD-000194,PROD-000059,1,1314.73,0.05
LINE-0000473,ORD-000194,PROD-000306,2,194.88,0.05
LINE-0000474,ORD-000194,PROD-000250,1,143.2,0.05
LINE-0000475,ORD-000195,PROD-000203,1,332.86,0.15
LINE-0000476,ORD-000195,PROD-000547,1,167.73,0.0
LINE-0000477,ORD-000195,PROD-000270,3,67.77,0.2
LINE-0000478,ORD-000196,PROD-000147,2,497.34,0.0
LINE-0000479,ORD-000196,PROD-000107,1,1182.28,0.0
LINE-0000480,ORD-000197,PROD-990145,1,167.73,0.05
LINE-0000481,ORD-000197,PROD-000486,2,109.38,0.05
LINE-0000482,ORD-000197,PROD-000129,1,325.16,0.0
LINE-0000483,ORD-000197,PROD-000050,2,1454.47,0.05
LINE-0000484,ORD-000198,PROD-000227,1,19.5,0.05
LINE-0000485,ORD-000198,PROD-000140,4,24.4,0.0
LINE-0000486,ORD-000198,PROD-000422,1,41.82,0.2
LINE-0000487,ORD-000198,PROD-000338,2,41.69,0.0
LINE-0000488,ORD-000199,PROD-000087,1,586.35,0.25
LINE-0000489,ORD-000200,PROD-000406,4,21.87,0.2
LINE-0000490,ORD-000200,PROD-000100,5,581.54,0.0
LINE-0000491,ORD-000200,PROD-000481,2,36.01,0.0
LINE-0000492,ORD-000201,PROD-000218,1,129.55,0.0
LINE-0000493,ORD-000201,PROD-000028,1,87.66,0.0
LINE-0000494,ORD-000202,PROD-000432,3,34.01,0.0
LINE-0000495,ORD-000202,PROD-000117,2,331.7,0.05
LINE-0000496,ORD-000202,PROD-000133,1,386.44,0.2
LINE-0000497,ORD-000203,PROD-000492,1,49.02,0.1
LINE-0000498,ORD-000203,PROD-000518,1,13.35,0.0
LINE-0000499,ORD-000203,PROD-000278,3,198.69,0.2
LINE-0000500,ORD-000204,PROD-000223,2,43.79,0.2
LINE-0000501,ORD-000205,PROD-000362,2,29.44,0.0
LINE-0000502,ORD-000205,PROD-000140,2,24.4,0.1
LINE-0000503,ORD-000205,PROD-000060,1,1157.62,0.0
LINE-0000504,ORD-000206,PROD-000547,1,167.73,0.1
LINE-0000505,ORD-000207,PROD-000307,1,206.66,0.05
LINE-0000506,ORD-000208,PROD-000414,2,26.39,0.15
LINE-0000507,ORD-000208,PROD-000497,1,185.59,0.0
LINE-0000508,ORD-000209,PROD-000425,1,60.53,0.0
LINE-0000509,ORD-000209,PROD-000204,1,495.22,0.0
LINE-0000510,ORD-000210,PROD-000526,1,15.1,0.0
LINE-0000511,ORD-000210,PROD-000155,2,318.18,0.05
LINE-0000512,ORD-000211,PROD-000289,1,21.18,0.0
LINE-0000513,ORD-000211,PROD-000351,1,41.05,0.0
LINE-0000514,ORD-000211,PROD-000353,2,110.89,0.1
LINE-0000515,ORD-000211,PROD-000436,1,17.89,0.0
LINE-0000516,ORD-000212,PROD-000136,1,53.41,0.0
LINE-0000517,ORD-000212,PROD-000541,1,107.91,0.15
LINE-0000518,ORD-000212,PROD-000425,3,60.53,0.0
LINE-0000519,ORD-000213,PROD-000249,1,180.47,0.2
LINE-0000520,ORD-000213,PROD-000513,2,129.38,0.2
LINE-0000521,ORD-000213,PROD-000412,4,12.55,0.0
LINE-0000522,ORD-000214,PROD-000122,2,388.89,0.0
LINE-0000523,ORD-000215,PROD-000019,1,1013.04,0.05
LINE-0000524,ORD-000215,PROD-000044,2,781.51,0.15
LINE-0000525,ORD-000215,PROD-000202,1,215.58,0.2
LINE-0000526,ORD-000215,PROD-000057,1,1133.52,0.2
LINE-0000527,ORD-000216,PROD-000028,1,87.66,0.2
LINE-0000528,ORD-000217,PROD-000475,1,120.5,0.15
LINE-0000529,ORD-000217,PROD-000076,1,1180.25,0.05
LINE-0000530,ORD-000218,PROD-000184,1,119.18,0.05
LINE-0000531,ORD-000219,PROD-000356,1,85.61,0.2
LINE-0000532,ORD-000219,PROD-000372,1,113.32,0.0
LINE-0000533,ORD-000219,PROD-000054,2,121.88,0.2
LINE-0000534,ORD-000220,PROD-000506,4,26.14,0.25
LINE-0000535,ORD-000221,PROD-000149,1,368.18,0.1
LINE-0000536,ORD-000221,PROD-000220,2,88.57,0.0
LINE-0000537,ORD-000221,PROD-000546,1,151.81,0.0
LINE-0000538,ORD-000221,PROD-000278,1,198.69,0.05
LINE-0000539,ORD-000222,PROD-000006,1,100.31,0.05
LINE-0000540,ORD-000222,PROD-000549,1,31.57,0.15
LINE-0000541,ORD-000222,PROD-000466,1,87.79,0.1
LINE-0000542,ORD-000223,PROD-000497,1,185.59,0.0
LINE-0000543,ORD-000223,PROD-000550,1,116.36,0.2
LINE-0000544,ORD-000224,PROD-000222,1,48.78,0.05
LINE-0000545,ORD-000225,PROD-000130,1,405.27,0.15
LINE-0000546,ORD-000225,PROD-000055,1,793.6,0.25
LINE-0000547,ORD-000225,PROD-000107,1,1182.28,0.0
LINE-0000548,ORD-000226,PROD-000528,1,0.0,0.15
LINE-0000549,ORD-000227,PROD-000304,1,178.65,0.1
LINE-0000550,ORD-000228,PROD-000017,1,144.94,0.1
LINE-0000551,ORD-000228,PROD-000472,1,155.29,0.0
LINE-0000552,ORD-000229,PROD-000438,1,114.67,0.0
LINE-0000553,ORD-000229,PROD-000392,4,50.05,0.1
LINE-0000554,ORD-000229,PROD-000311,1,93.77,0.0
LINE-0000555,ORD-000229,PROD-000476,1,20.04,0.15
LINE-0000556,ORD-000230,PROD-000260,1,248.5,0.1
LINE-0000557,ORD-000230,PROD-000154,5,58.39,0.0
LINE-0000558,ORD-000230,PROD-000346,2,119.28,0.1
LINE-0000559,ORD-000230,PROD-000108,2,166.47,0.05
LINE-0000560,ORD-000231,PROD-000199,5,111.07,0.0
LINE-0000561,ORD-000231,PROD-000113,1,262.56,0.05
LINE-0000562,ORD-000232,PROD-000147,5,497.34,0.0
LINE-0000563,ORD-000232,PROD-000448,-2,45.04,0.2
LINE-0000564,ORD-000232,PROD-000421,2,18.21,0.0
LINE-0000565,ORD-000233,PROD-000162,1,15.34,0.2
LINE-0000566,ORD-000233,PROD-000415,1,103.9,0.0
LINE-0000567,ORD-000233,PROD-000123,4,90.3,0.25
LINE-0000568,ORD-000233,PROD-000477,1,110.62,0.0
LINE-0000569,ORD-000234,PROD-000324,5,53.68,0.05
LINE-0000570,ORD-000234,PROD-000239,1,179.72,0.15
LINE-0000571,ORD-000235,PROD-000255,2,222.13,0.0
LINE-0000572,ORD-000235,PROD-000541,5,107.91,0.1
LINE-0000573,ORD-000235,PROD-000144,1,424.11,0.0
LINE-0000574,ORD-000236,PROD-000425,4,60.53,0.2
LINE-0000575,ORD-000236,PROD-000123,2,90.3,0.15
LINE-0000576,ORD-000236,PROD-000148,2,244.31,0.0
LINE-0000577,ORD-000237,PROD-000423,1,42.83,0.0
LINE-0000578,ORD-000237,PROD-000375,1,84.67,0.2
LINE-0000579,ORD-000238,PROD-000098,2,68.18,0.15
LINE-0000030,ORD-000238,PROD-000399,1,70.9,0.2
LINE-0000581,ORD-000238,PROD-000395,1,81.33,0.0
LINE-0000582,ORD-000239,PROD-000016,1,139.07,0.2
LINE-0000583,ORD-000239,PROD-000502,3,63.88,0.0
LINE-0000584,ORD-000240,PROD-000199,1,111.07,0.15
LINE-0000585,ORD-000240,PROD-000550,2,116.36,0.15
LINE-0000586,ORD-000241,PROD-000263,5,225.65,0.05
LINE-0000587,ORD-000242,PROD-000416,1,61.55,0.1
LINE-0000588,ORD-000242,PROD-000156,1,251.59,0.1
LINE-0000589,ORD-000242,PROD-000252,2,112.15,0.0
LINE-0000590,ORD-000243,PROD-000172,1,358.58,0.25
LINE-0000591,ORD-000244,PROD-000002,2,141.86,0.2
LINE-0000592,ORD-000244,PROD-000007,2,44.74,0.2
LINE-0000593,ORD-000245,PROD-000066,2,1137.35,0.05
LINE-0000594,ORD-000245,PROD-000057,1,1133.52,0.0
LINE-0000595,ORD-000245,PROD-000122,2,388.89,0.0
LINE-0000596,ORD-000245,PROD-000404,2,36.89,0.05
LINE-0000597,ORD-000246,PROD-000027,1,1166.65,0.2
LINE-0000598,ORD-000246,PROD-000050,2,1454.47,0.0
LINE-0000599,ORD-000246,PROD-000069,3,1054.97,0.1
LINE-0000600,ORD-000247,PROD-000308,2,200.69,0.0
LINE-0000601,ORD-000248,PROD-000056,1,282.57,0.0
LINE-0000602,ORD-000248,PROD-000473,1,120.39,0.05
LINE-0000603,ORD-000248,PROD-000425,1,60.53,0.25
LINE-0000604,ORD-000249,PROD-000150,1,248.39,0.1
LINE-0000605,ORD-000249,PROD-000052,1,627.92,0.1
LINE-0000606,ORD-000249,PROD-000385,5,11.11,0.0
LINE-0000607,ORD-000249,PROD-000231,1,97.82,0.25
LINE-0000608,ORD-000250,PROD-000461,3,12.31,0.0
LINE-0000609,ORD-000250,PROD-000296,1,203.44,0.25
LINE-0000610,ORD-000250,PROD-000408,1,34.27,0.0
LINE-0000611,ORD-000250,PROD-000170,1,-69.28,0.2
LINE-0000612,ORD-000251,PROD-000136,1,53.41,0.0
LINE-0000613,ORD-000251,PROD-000143,2,402.73,0.25
LINE-0000614,ORD-000251,PROD-000360,4,22.51,0.25
LINE-0000615,ORD-000251,PROD-000020,3,833.49,0.2
LINE-0000616,ORD-000252,PROD-000168,1,107.92,0.0
LINE-0000617,ORD-000253,PROD-000024,2,858.95,0.1
LINE-0000618,ORD-000253,PROD-000414,1,26.39,0.0
LINE-0000619,ORD-000253,PROD-000545,4,21.37,0.05
LINE-0000620,ORD-000254,PROD-000212,1,473.4,0.05
LINE-0000621,ORD-000254,PROD-000473,1,120.39,0.0
LINE-0000622,ORD-000255,PROD-000329,1,66.11,0.0
LINE-0000623,ORD-000255,PROD-000374,1,99.79,0.05
LINE-0000624,ORD-000256,PROD-000418,1,110.42,0.0
LINE-0000625,ORD-000256,PROD-000114,4,153.95,0.25
LINE-0000626,ORD-000256,PROD-000487,2,164.76,0.0
LINE-0000627,ORD-000257,PROD-000172,5,358.58,0.0
LINE-0000628,ORD-000257,PROD-000107,1,1182.28,0.0
LINE-0000629,ORD-000258,PROD-000396,2,31.87,0.0
LINE-0000630,ORD-000259,PROD-000440,1,11.44,0.15
LINE-0000631,ORD-000259,PROD-000249,1,180.47,0.0
LINE-0000632,ORD-000260,PROD-000516,1,108.78,0.05
LINE-0000633,ORD-000260,PROD-000361,1,81.85,0.05
LINE-0000634,ORD-000260,PROD-000393,2,20.09,0.25
LINE-0000635,ORD-000260,PROD-000127,1,485.22,0.0
LINE-0000636,ORD-000261,PROD-000322,1,19.91,0.0
LINE-0000637,ORD-000261,PROD-000278,2,198.69,0.15
LINE-0000638,ORD-000261,PROD-000051,1,917.65,0.0
LINE-0000639,ORD-000262,PROD-000413,4,60.66,0.0
LINE-0000640,ORD-000262,PROD-000309,1,159.95,0.0
LINE-0000641,ORD-000263,PROD-000290,3,233.92,0.25
LINE-0000642,ORD-000263,PROD-000299,2,105.58,0.05
LINE-0000643,ORD-000263,PROD-000055,2,793.6,0.1
LINE-0000644,ORD-000263,PROD-000248,2,41.84,0.0
LINE-0000645,ORD-000264,PROD-000490,3,160.67,0.25
LINE-0000646,ORD-000264,PROD-000113,2,262.56,0.0
LINE-0000647,ORD-000264,PROD-000148,1,244.31,0.0
LINE-0000648,ORD-000264,PROD-000483,1,141.02,0.0
LINE-0000649,ORD-000265,PROD-000169,2,355.13,0.0
LINE-0000650,ORD-000266,PROD-000191,1,177.17,0.2
LINE-0000651,ORD-000266,PROD-000107,1,1182.28,0.0
LINE-0000652,ORD-000266,PROD-000203,1,332.86,0.15
LINE-0000653,ORD-000266,PROD-000274,1,143.12,0.25
LINE-0000654,ORD-000267,PROD-000245,1,0.0,0.0
LINE-0000655,ORD-000267,PROD-000444,2,80.65,0.0
LINE-0000656,ORD-000267,PROD-000243,2,112.83,0.15
LINE-0000657,ORD-000267,PROD-000254,3,72.61,0.2
LINE-0000658,ORD-000268,PROD-000354,1,19.9,0.05
LINE-0000659,ORD-000269,PROD-000024,1,858.95,0.0
LINE-0000660,ORD-000269,PROD-000513,2,129.38,0.25
LINE-0000661,ORD-000269,PROD-000446,1,194.9,0.25
LINE-0000662,ORD-000269,PROD-000420,2,98.87,-0.25
LINE-0000663,ORD-000270,PROD-000517,1,104.59,0.0
LINE-0000664,ORD-000270,PROD-000247,5,222.1,0.0
LINE-0000665,ORD-000270,PROD-000422,1,41.82,0.15
LINE-0000666,ORD-000270,PROD-000539,3,75.98,0.0
LINE-0000667,ORD-000271,PROD-000150,2,248.39,0.05
LINE-0000668,ORD-000271,PROD-000088,1,1434.05,0.15
LINE-0000669,ORD-000271,PROD-000179,2,467.75,0.15
LINE-0000670,ORD-000271,PROD-000189,1,451.02,0.0
LINE-0000671,ORD-000272,PROD-000410,2,111.99,0.15
LINE-0000672,ORD-000273,PROD-000351,2,41.05,0.25
LINE-0000673,ORD-000274,PROD-000279,1,-88.05,0.2
LINE-0000674,ORD-000275,PROD-000076,1,1180.25,0.0
LINE-0000675,ORD-000275,PROD-000544,2,163.69,0.0
LINE-0000676,ORD-000276,PROD-000343,1,110.01,0.25
LINE-0000677,ORD-000276,PROD-000415,3,103.9,0.0
LINE-0000678,ORD-000277,PROD-000246,2,89.32,0.0
LINE-0000679,ORD-000277,PROD-000448,2,45.04,0.0
LINE-0000680,ORD-000277,PROD-000303,1,46.63,0.0
LINE-0000681,ORD-000278,PROD-000346,2,119.28,0.0
LINE-0000682,ORD-000279,PROD-000451,4,39.64,0.1
LINE-0000683,ORD-000279,PROD-000262,1,150.0,0.0
LINE-0000684,ORD-000280,PROD-000353,1,110.89,0.0
LINE-0000685,ORD-000280,PROD-000533,1,138.26,0.1
LINE-0000686,ORD-000280,PROD-000069,1,1054.97,0.15
LINE-0000687,ORD-000281,PROD-000528,2,0.0,0.0
LINE-0000688,ORD-000281,PROD-000477,1,110.62,0.15
LINE-0000689,ORD-000281,PROD-000037,2,411.24,0.0
LINE-0000690,ORD-000281,PROD-000459,1,103.18,0.05
LINE-0000691,ORD-000282,PROD-000466,1,87.79,0.0
LINE-0000692,ORD-000282,PROD-000407,0,55.51,0.0
LINE-0000693,ORD-000282,PROD-000498,3,45.16,0.25
LINE-0000694,ORD-000282,PROD-000205,2,128.23,0.1
LINE-0000695,ORD-000283,PROD-000081,1,429.22,0.25
LINE-0000696,ORD-000283,PROD-000067,2,847.45,0.2
LINE-0000697,ORD-000283,PROD-000481,1,36.01,0.0
LINE-0000698,ORD-000283,PROD-000515,1,39.01,0.2
LINE-0000699,ORD-000284,PROD-000161,1,90.18,0.05
LINE-0000700,ORD-000284,PROD-000135,5,94.18,0.25
LINE-0000701,ORD-000284,PROD-000335,2,82.66,0.0
LINE-0000702,ORD-000284,PROD-000537,2,192.0,0.15
LINE-0000703,ORD-000285,PROD-000416,1,61.55,0.0
LINE-0000704,ORD-000286,PROD-000385,1,11.11,0.1
LINE-0000705,ORD-000286,PROD-000054,2,121.88,0.0
LINE-0000706,ORD-000287,PROD-000407,1,55.51,0.25
LINE-0000707,ORD-000287,PROD-000398,4,64.48,0.0
LINE-0000708,ORD-000287,PROD-000347,2,27.56,0.0
LINE-0000709,ORD-000288,PROD-000175,1,135.64,0.1
LINE-0000710,ORD-000289,PROD-000358,2,58.49,0.1
LINE-0000711,ORD-000289,PROD-000391,5,46.23,0.1
LINE-0000712,ORD-000290,PROD-000545,1,21.37,0.25
LINE-0000713,ORD-000290,PROD-000410,2,111.99,0.2
LINE-0000714,ORD-000291,PROD-000146,4,487.67,0.1
LINE-0000715,ORD-000291,PROD-000369,1,16.81,0.0
LINE-0000716,ORD-000292,PROD-000139,3,314.59,0.2
LINE-0000717,ORD-000292,PROD-000283,1,87.19,0.05
LINE-0000718,ORD-000293,PROD-000108,2,166.47,0.2
LINE-0000719,ORD-000293,PROD-000356,2,85.61,0.0
LINE-0000720,ORD-000294,PROD-000083,2,764.68,0.15
LINE-0000721,ORD-000294,PROD-000343,1,110.01,0.25
LINE-0000722,ORD-000294,PROD-000196,2,58.68,0.0
LINE-0000723,ORD-000295,PROD-000406,1,21.87,0.2
LINE-0000724,ORD-000295,PROD-990530,1,135.64,0.05
LINE-0000725,ORD-000295,PROD-000179,1,467.75,0.05
LINE-0000726,ORD-000296,PROD-000386,2,81.01,0.0
LINE-0000727,ORD-000296,PROD-000107,1,1182.28,0.2
LINE-0000728,ORD-000296,PROD-000234,1,242.58,0.15
LINE-0000729,ORD-000297,PROD-000027,3,1166.65,0.1
LINE-0000730,ORD-000297,PROD-000510,1,159.99,0.2
LINE-0000731,ORD-000297,PROD-000540,1,136.05,0.15
LINE-0000732,ORD-000298,PROD-000336,-1,14.85,0.25
LINE-0000733,ORD-000299,PROD-000274,1,143.12,0.05
LINE-0000734,ORD-000299,PROD-000235,2,247.2,0.1
LINE-0000735,ORD-000299,PROD-000008,1,660.87,0.0
LINE-0000736,ORD-000300,PROD-000118,1,393.76,0.25
LINE-0000737,ORD-000301,PROD-000172,5,358.58,0.15
LINE-0000738,ORD-000301,PROD-000049,3,102.74,0.05
LINE-0000739,ORD-000301,PROD-000208,2,116.36,0.1
LINE-0000740,ORD-000301,PROD-000543,3,192.79,0.0
LINE-0000741,ORD-000302,PROD-000380,4,119.59,0.05
LINE-0000742,ORD-000303,PROD-000322,1,19.91,0.25
LINE-0000743,ORD-000303,PROD-000093,2,935.51,0.0
LINE-0000744,ORD-000303,PROD-000341,2,18.15,0.15
LINE-0000745,ORD-000303,PROD-000308,1,200.69,0.15
LINE-0000746,ORD-000304,PROD-000112,1,330.17,0.0
LINE-0000747,ORD-000304,PROD-000227,1,19.5,0.15
LINE-0000748,ORD-000305,PROD-000437,2,39.62,0.0
LINE-0000749,ORD-000305,PROD-000496,2,46.38,0.05
LINE-0000750,ORD-000306,PROD-000466,2,87.79,0.1
LINE-0000751,ORD-000306,PROD-000332,1,21.55,0.0
LINE-0000752,ORD-000306,PROD-000047,1,977.93,0.0
LINE-0000753,ORD-000306,PROD-000017,1,144.94,0.1
LINE-0000754,ORD-000307,PROD-000037,1,411.24,0.15
LINE-0000755,ORD-000308,PROD-000476,4,20.04,0.0
LINE-0000756,ORD-000308,PROD-000400,3,104.75,0.25
LINE-0000757,ORD-000309,PROD-000137,4,146.84,0.25
LINE-0000758,ORD-000310,PROD-000286,3,132.67,0.15
LINE-0000759,ORD-000311,PROD-000246,5,89.32,0.15
LINE-0000760,ORD-000311,PROD-000535,1,195.07,0.2
LINE-0000761,ORD-000312,PROD-000143,1,402.73,0.2
LINE-0000762,ORD-000312,PROD-000346,1,119.28,0.2
LINE-0000763,ORD-000313,PROD-000340,1,14.72,0.2
LINE-0000764,ORD-000314,PROD-000460,1,85.53,0.0
LINE-0000765,ORD-000314,PROD-000294,1,49.9,0.25
LINE-0000766,ORD-000314,PROD-000313,4,144.33,0.15
LINE-0000767,ORD-000314,PROD-000175,1,135.64,0.15
LINE-0000768,ORD-000315,PROD-000355,4,35.83,0.15
LINE-0000769,ORD-000315,PROD-000440,2,11.44,0.1
LINE-0000770,ORD-000315,PROD-000380,2,119.59,0.0
LINE-0000771,ORD-000316,PROD-000319,2,247.68,0.0
LINE-0000772,ORD-000316,PROD-000124,1,372.72,0.2
LINE-0000773,ORD-000317,PROD-000027,2,1166.65,0.0
LINE-0000774,ORD-000317,PROD-000142,1,0.0,0.0
LINE-0000775,ORD-000317,PROD-000007,4,44.74,0.0
LINE-0000776,ORD-000318,PROD-000389,1,99.07,0.0
LINE-0000777,ORD-000318,PROD-000241,1,246.15,0.05
LINE-0000778,ORD-000318,PROD-000243,2,112.83,0.0
LINE-0000779,ORD-000319,PROD-000341,2,18.15,0.15
LINE-0000780,ORD-000320,PROD-000218,1,129.55,0.0
LINE-0000781,ORD-000321,PROD-000356,2,85.61,0.05
LINE-0000782,ORD-000321,PROD-000501,1,115.85,0.2
LINE-0000783,ORD-000321,PROD-000035,2,680.4,0.0
LINE-0000784,ORD-000322,PROD-000298,1,227.02,0.1
LINE-0000785,ORD-000323,PROD-000541,1,107.91,0.2
LINE-0000786,ORD-000323,PROD-000546,1,151.81,0.25
LINE-0000787,ORD-000323,PROD-000400,1,104.75,0.0
LINE-0000788,ORD-000324,PROD-000233,1,125.03,0.1
LINE-0000789,ORD-000324,PROD-000441,1,75.12,0.2
LINE-0000790,ORD-000324,PROD-000468,1,82.53,0.0
LINE-0000791,ORD-000324,PROD-000459,1,103.18,0.0
LINE-0000792,ORD-000325,PROD-000383,1,98.58,0.0
LINE-0000793,ORD-000325,PROD-000536,1,19.02,0.15
LINE-0000794,ORD-000326,PROD-000219,2,139.96,0.05
LINE-0000795,ORD-000326,PROD-000073,4,1092.24,0.0
LINE-0000796,ORD-000326,PROD-000547,1,167.73,0.0
LINE-0000797,ORD-000327,PROD-000199,4,111.07,0.0
LINE-0000798,ORD-000327,PROD-000066,1,1137.35,0.05
LINE-0000799,ORD-000328,PROD-000008,1,660.87,0.0
LINE-0000800,ORD-000328,PROD-000320,2,42.79,0.0
LINE-0000801,ORD-000329,PROD-000009,2,1086.01,0.2
LINE-0000802,ORD-000329,PROD-000095,3,733.78,0.1
LINE-0000803,ORD-000329,PROD-000541,1,107.91,0.25
LINE-0000804,ORD-000329,PROD-000256,2,117.44,0.0
LINE-0000805,ORD-000330,PROD-000483,1,141.02,0.0
LINE-0000806,ORD-000330,PROD-000361,1,81.85,0.0
LINE-0000807,ORD-000331,PROD-000421,1,18.21,0.0
LINE-0000808,ORD-000331,PROD-000540,5,136.05,0.0
LINE-0000809,ORD-000331,PROD-000092,1,378.23,0.15
LINE-0000810,ORD-000331,PROD-000475,3,120.5,0.25
LINE-0000811,ORD-000332,PROD-000336,2,14.85,0.25
LINE-0000812,ORD-000332,PROD-000273,2,176.37,0.0
LINE-0000813,ORD-000332,PROD-000379,2,57.61,0.2
LINE-0000814,ORD-000332,PROD-000280,3,175.3,0.0
LINE-0000815,ORD-000333,PROD-000341,1,18.15,0.0
LINE-0000816,ORD-000334,PROD-000532,1,118.36,0.25
LINE-0000817,ORD-000335,PROD-000252,2,112.15,0.0
LINE-0000818,ORD-000335,PROD-000107,1,1182.28,0.25
LINE-0000819,ORD-000335,PROD-000409,1,17.15,0.0
LINE-0000820,ORD-000335,PROD-000055,1,793.6,0.25
LINE-0000821,ORD-000336,PROD-000066,1,1137.35,0.05
LINE-0000822,ORD-000336,PROD-000477,1,110.62,0.05
LINE-0000823,ORD-000337,PROD-000228,1,189.57,0.0
LINE-0000824,ORD-000337,PROD-000195,4,369.81,0.0
LINE-0000825,ORD-000337,PROD-000030,1,66.16,0.0
LINE-0000826,ORD-000337,PROD-000341,5,18.15,0.05
LINE-0000827,ORD-000338,PROD-000179,5,467.75,0.0
LINE-0000828,ORD-000338,PROD-000106,1,643.84,0.1
LINE-0000829,ORD-000338,PROD-000445,2,96.62,0.05
LINE-0000830,ORD-000338,PROD-000342,2,40.18,0.0
LINE-0000831,ORD-000339,PROD-000174,2,366.7,0.15
LINE-0000832,ORD-000339,PROD-000340,1,14.72,0.05
LINE-0000833,ORD-000340,PROD-000335,1,82.66,0.1
LINE-0000834,ORD-000340,PROD-000323,1,181.54,0.2
LINE-0000835,ORD-000341,PROD-000509,2,90.68,0.25
LINE-0000836,ORD-000342,PROD-000230,5,147.17,0.05
LINE-0000837,ORD-000342,PROD-000169,2,355.13,0.0
LINE-0000838,ORD-000342,PROD-000410,2,111.99,0.15
LINE-0000039,ORD-000342,PROD-000304,5,178.65,0.1
LINE-0000840,ORD-000343,PROD-000519,2,69.76,0.25
LINE-0000841,ORD-000343,PROD-000122,1,388.89,0.25
LINE-0000842,ORD-000343,PROD-000189,3,451.02,0.0
LINE-0000843,ORD-000344,PROD-000182,1,232.03,0.0
LINE-0000844,ORD-000344,PROD-000458,1,171.39,0.0
LINE-0000845,ORD-000345,PROD-000347,1,27.56,0.05
LINE-0000846,ORD-000346,PROD-000548,4,-96.74,0.25
LINE-0000847,ORD-000346,PROD-000518,1,13.35,0.15
LINE-0000848,ORD-000346,PROD-000118,1,393.76,0.0
LINE-0000849,ORD-000346,PROD-000224,1,60.55,0.05
LINE-0000850,ORD-000347,PROD-000156,1,251.59,0.0
LINE-0000851,ORD-000347,PROD-000029,1,157.64,0.0
LINE-0000852,ORD-000348,PROD-000414,2,26.39,0.0
LINE-0000853,ORD-000348,PROD-000056,3,282.57,0.0
LINE-0000854,ORD-000348,PROD-000197,1,55.02,0.0
LINE-0000855,ORD-000349,PROD-000509,1,90.68,0.25
LINE-0000856,ORD-000349,PROD-000485,1,101.1,0.15
LINE-0000857,ORD-000349,PROD-000540,1,136.05,0.05
LINE-0000858,ORD-000350,PROD-000535,2,195.07,0.05
LINE-0000859,ORD-000350,PROD-000373,2,99.15,0.2
LINE-0000860,ORD-000350,PROD-000194,2,288.97,0.0
LINE-0000861,ORD-000351,PROD-000211,1,-46.63,0.0
LINE-0000862,ORD-000352,PROD-000317,2,81.73,0.0
LINE-0000863,ORD-000352,PROD-000247,1,222.1,0.15
LINE-0000864,ORD-000352,PROD-000405,1,14.81,0.0
LINE-0000865,ORD-000353,PROD-000070,4,520.88,0.0
LINE-0000866,ORD-000353,PROD-000363,2,56.39,0.0
LINE-0000867,ORD-000353,PROD-000170,4,-69.28,0.0
LINE-0000868,ORD-000353,PROD-000220,4,88.57,0.0
LINE-0000869,ORD-000354,PROD-000025,2,384.33,0.05
LINE-0000870,ORD-000354,PROD-000097,4,1130.24,0.25
LINE-0000871,ORD-000354,PROD-000318,1,220.88,0.1
LINE-0000872,ORD-000355,PROD-000059,1,1314.73,0.0
LINE-0000873,ORD-000355,PROD-000206,1,41.44,0.2
LINE-0000874,ORD-000356,PROD-000086,1,1346.85,0.0
LINE-0000875,ORD-000356,PROD-000220,1,88.57,0.0
LINE-0000876,ORD-000356,PROD-000520,1,115.76,0.2
LINE-0000877,ORD-000356,PROD-000098,2,68.18,0.0
LINE-0000878,ORD-000357,PROD-000159,2,107.03,0.05
LINE-0000879,ORD-000357,PROD-000121,2,64.95,0.0
LINE-0000880,ORD-000358,PROD-000480,1,140.78,0.2
LINE-0000881,ORD-000359,PROD-000145,2,278.44,0.0
LINE-0000882,ORD-000359,PROD-000055,1,793.6,0.0
LINE-0000883,ORD-000359,PROD-000120,1,471.1,0.2
LINE-0000884,ORD-000359,PROD-000094,1,1434.54,1.5
LINE-0000885,ORD-000360,PROD-000135,1,94.18,0.0
LINE-0000886,ORD-000361,PROD-000126,1,487.86,0.0
LINE-0000887,ORD-000362,PROD-000142,3,0.0,0.05
LINE-0000888,ORD-000362,PROD-990247,2,11.62,0.05
LINE-0000889,ORD-000362,PROD-000550,2,116.36,0.05
LINE-0000890,ORD-000362,PROD-000456,1,72.0,0.0
LINE-0000891,ORD-000363,PROD-000202,3,215.58,0.15
LINE-0000892,ORD-000363,PROD-000449,2,80.84,0.05
LINE-0000893,ORD-000363,PROD-000397,1,113.12,0.0
LINE-0000894,ORD-000364,PROD-000475,2,120.5,0.0
LINE-0000895,ORD-000364,PROD-000316,1,163.58,0.0
LINE-0000896,ORD-000365,PROD-000185,1,291.76,0.1
LINE-0000897,ORD-000365,PROD-000105,1,1287.33,0.0
LINE-0000898,ORD-000365,PROD-000095,1,733.78,0.2
LINE-0000899,ORD-000366,PROD-000353,1,110.89,0.15
LINE-0000900,ORD-000366,PROD-000009,1,1086.01,0.0
LINE-0000901,ORD-000367,PROD-000301,1,43.8,0.0
LINE-0000902,ORD-000367,PROD-000392,4,50.05,0.0
LINE-0000903,ORD-000368,PROD-000383,1,98.58,0.2
LINE-0000904,ORD-000368,PROD-000366,1,117.71,0.0
LINE-0000905,ORD-000369,PROD-000224,1,60.55,0.15
LINE-0000906,ORD-000370,PROD-000517,3,104.59,0.0
LINE-0000907,ORD-000370,PROD-000018,2,292.3,0.05
LINE-0000908,ORD-000371,PROD-000124,4,372.72,0.2
LINE-0000909,ORD-000371,PROD-000148,1,244.31,0.15
LINE-0000910,ORD-000371,PROD-000290,-2,233.92,0.15
LINE-0000911,ORD-000371,PROD-000200,2,498.57,0.15
LINE-0000912,ORD-000372,PROD-000322,1,19.91,0.1
LINE-0000913,ORD-000372,PROD-000136,3,53.41,0.0
LINE-0000914,ORD-000372,PROD-990602,3,48.78,0.0
LINE-0000915,ORD-000372,PROD-000028,1,87.66,0.0
LINE-0000916,ORD-000373,PROD-000502,5,63.88,0.2
LINE-0000917,ORD-000373,PROD-000056,2,282.57,0.0
LINE-0000918,ORD-000374,PROD-000169,-5,355.13,0.25
LINE-0000919,ORD-000374,PROD-000499,1,90.57,0.1
LINE-0000920,ORD-000374,PROD-000242,1,57.59,0.0
LINE-0000921,ORD-000375,PROD-000064,3,177.73,0.0
LINE-0000922,ORD-000375,PROD-000461,-2,12.31,0.2
LINE-0000923,ORD-000376,PROD-000023,1,739.06,0.0
LINE-0000924,ORD-000376,PROD-000430,2,71.02,0.1
LINE-0000925,ORD-000376,PROD-000239,1,179.72,0.0
LINE-0000926,ORD-000376,PROD-000136,1,53.41,0.15
LINE-0000927,ORD-000377,PROD-000274,2,143.12,0.05
LINE-0000928,ORD-000377,PROD-000166,1,325.83,0.1
LINE-0000929,ORD-000377,PROD-000008,1,660.87,0.0
LINE-0000930,ORD-000378,PROD-000062,1,824.71,0.0
LINE-0000931,ORD-000378,PROD-000130,1,405.27,0.15
LINE-0000932,ORD-000379,PROD-000517,1,104.59,0.1
LINE-0000933,ORD-000379,PROD-000471,2,179.6,0.0
LINE-0000934,ORD-000379,PROD-990147,4,11.11,0.15
LINE-0000935,ORD-000379,PROD-000441,1,75.12,0.25
LINE-0000936,ORD-000380,PROD-000388,4,75.03,0.0
LINE-0000937,ORD-000380,PROD-000299,2,105.58,0.05
LINE-0000938,ORD-000380,PROD-000443,2,35.06,0.1
LINE-0000939,ORD-000381,PROD-000111,2,73.79,9.99
LINE-0000940,ORD-000381,PROD-000143,2,402.73,0.0
LINE-0000941,ORD-000381,PROD-000263,-5,225.65,0.0
LINE-0000942,ORD-000381,PROD-000481,1,36.01,0.0
LINE-0000943,ORD-000382,PROD-000124,1,372.72,0.0
LINE-0000944,ORD-000383,PROD-000217,1,376.02,0.0
LINE-0000945,ORD-000384,PROD-000241,1,246.15,0.1
LINE-0000946,ORD-000384,PROD-000105,2,1287.33,0.0
LINE-0000947,ORD-000384,PROD-000469,1,103.87,0.25
LINE-0000948,ORD-000384,PROD-000416,1,61.55,0.0
LINE-0000949,ORD-000385,PROD-000537,1,192.0,0.0
LINE-0000950,ORD-000385,PROD-000044,1,781.51,0.15
LINE-0000951,ORD-000385,PROD-000014,2,461.11,0.25
LINE-0000952,ORD-000385,PROD-000538,2,61.93,0.0
LINE-0000953,ORD-000386,PROD-000032,1,239.97,0.15
LINE-0000954,ORD-000386,PROD-000113,1,262.56,0.0
LINE-0000955,ORD-000387,PROD-000088,1,1434.05,0.2
LINE-0000956,ORD-000387,PROD-000205,1,128.23,0.25
LINE-0000957,ORD-000387,PROD-000529,2,175.09,0.0
LINE-0000958,ORD-000387,PROD-000044,2,781.51,0.05
LINE-0000959,ORD-000388,PROD-000482,1,29.45,0.05
LINE-0000960,ORD-000389,PROD-000083,1,764.68,0.15
LINE-0000961,ORD-000389,PROD-000049,5,102.74,0.1
LINE-0000962,ORD-000389,PROD-000302,2,175.06,0.25
LINE-0000963,ORD-000390,PROD-000209,1,140.44,0.0
LINE-0000964,ORD-000390,PROD-000418,1,110.42,0.05
LINE-0000965,ORD-000390,PROD-000184,1,119.18,0.0
LINE-0000966,ORD-000391,PROD-000453,4,161.91,0.0
LINE-0000967,ORD-000392,PROD-000549,1,31.57,0.2
LINE-0000968,ORD-000392,PROD-000371,1,86.7,0.2
LINE-0000969,ORD-000392,PROD-000465,-5,109.8,0.1
LINE-0000970,ORD-000393,PROD-000031,2,836.35,0.15
LINE-0000971,ORD-000393,PROD-000214,1,488.65,0.05
LINE-0000972,ORD-000393,PROD-000126,1,487.86,0.05
LINE-0000973,ORD-000393,PROD-000006,1,100.31,0.2
LINE-0000974,ORD-000394,PROD-000458,2,171.39,0.2
LINE-0000975,ORD-000394,PROD-000266,1,185.8,0.2
LINE-0000976,ORD-000395,PROD-000156,4,251.59,0.05
LINE-0000977,ORD-000395,PROD-000082,4,26.87,0.0
LINE-0000978,ORD-000395,PROD-000369,1,16.81,0.25
LINE-0000979,ORD-000395,PROD-000067,2,847.45,0.0
LINE-0000980,ORD-000396,PROD-000059,1,1314.73,0.1
LINE-0000981,ORD-000397,PROD-000432,1,34.01,0.15
LINE-0000982,ORD-000397,PROD-000443,2,35.06,0.0
LINE-0000983,ORD-000397,PROD-000105,1,1287.33,0.0
LINE-0000984,ORD-000397,PROD-000326,1,166.49,0.0
LINE-0000985,ORD-000398,PROD-000465,1,109.8,0.25
LINE-0000986,ORD-000399,PROD-000130,1,405.27,0.1
LINE-0000987,ORD-000399,PROD-000264,1,124.31,0.05
LINE-0000988,ORD-000399,PROD-000039,2,172.76,0.0
LINE-0000989,ORD-000399,PROD-000021,3,1093.86,0.1
LINE-0000990,ORD-000400,PROD-000330,2,186.08,0.05
LINE-0000991,ORD-000401,PROD-000332,3,21.55,0.0
LINE-0000992,ORD-000402,PROD-000267,1,156.13,0.0
LINE-0000993,ORD-000403,PROD-000517,3,104.59,0.25
LINE-0000994,ORD-000403,PROD-000412,1,12.55,0.05
LINE-0000995,ORD-000403,PROD-000550,1,116.36,0.0
LINE-0000996,ORD-000404,PROD-000483,4,141.02,0.0
LINE-0000997,ORD-000404,PROD-000457,1,158.43,0.2
LINE-0000998,ORD-000405,PROD-000307,1,206.66,0.0
LINE-0000999,ORD-000405,PROD-000107,1,1182.28,0.0
LINE-0001000,ORD-000405,PROD-000428,1,112.47,0.05
LINE-0001001,ORD-000405,PROD-000399,1,70.9,0.25
LINE-0001002,ORD-000406,PROD-000051,1,917.65,0.1
LINE-0001003,ORD-000406,PROD-000505,3,103.4,0.05
LINE-0001004,ORD-000406,PROD-000500,1,98.51,0.05
LINE-0001005,ORD-000407,PROD-000338,1,41.69,0.0
LINE-0001006,ORD-000407,PROD-000455,1,14.7,0.05
LINE-0001007,ORD-000408,PROD-000119,3,96.14,0.0
LINE-0001008,ORD-000408,PROD-000464,1,-13.33,0.1
LINE-0001009,ORD-000408,PROD-000016,1,139.07,0.0
LINE-0001010,ORD-000409,PROD-000145,1,278.44,0.0
LINE-0001011,ORD-000409,PROD-000027,2,1166.65,0.25
LINE-0001012,ORD-000409,PROD-000224,2,60.55,0.0
LINE-0001013,ORD-000409,PROD-000487,2,164.76,0.0
LINE-0001014,ORD-000410,PROD-000428,2,112.47,0.0
LINE-0001015,ORD-000411,PROD-000029,1,157.64,0.0
LINE-0001016,ORD-000411,PROD-000272,1,23.3,0.0
LINE-0001017,ORD-000412,PROD-000386,1,81.01,0.25
LINE-0001018,ORD-000412,PROD-000534,1,66.9,0.0
LINE-0001019,ORD-000413,PROD-000087,1,586.35,0.25
LINE-0001020,ORD-000414,PROD-000524,1,122.29,0.1
LINE-0001021,ORD-000415,PROD-000074,1,443.96,0.2
LINE-0001022,ORD-000416,PROD-000319,2,247.68,0.0
LINE-0001023,ORD-000416,PROD-000144,1,424.11,0.25
LINE-0001024,ORD-000416,PROD-000168,2,107.92,0.15
LINE-0001025,ORD-000417,PROD-000458,2,171.39,0.15
LINE-0001026,ORD-000417,PROD-000528,1,0.0,0.25
LINE-0001027,ORD-000418,PROD-000180,1,385.62,0.0
LINE-0001028,ORD-000419,PROD-000272,2,23.3,0.0
LINE-0001029,ORD-000420,PROD-000494,2,0.0,0.0
LINE-0001030,ORD-000420,PROD-000335,1,82.66,0.05
LINE-0001031,ORD-000420,PROD-000493,1,37.65,2.0
LINE-0001032,ORD-000420,PROD-000098,2,68.18,0.0
LINE-0001033,ORD-000421,PROD-000420,2,98.87,0.0
LINE-0001034,ORD-000421,PROD-000096,1,290.64,0.25
LINE-0001035,ORD-000421,PROD-000088,1,1434.05,0.1
LINE-0001036,ORD-000422,PROD-000441,3,75.12,0.0
LINE-0001037,ORD-000422,PROD-000525,1,15.34,0.25
LINE-0001038,ORD-000423,PROD-000497,3,185.59,0.15
LINE-0001039,ORD-000423,PROD-000052,1,627.92,0.05
LINE-0001040,ORD-000423,PROD-000281,1,212.17,0.0
LINE-0001041,ORD-000423,PROD-000045,1,910.98,0.1
LINE-0001042,ORD-000424,PROD-000441,1,75.12,0.0
LINE-0001043,ORD-000425,PROD-000445,4,96.62,0.05
LINE-0001044,ORD-000425,PROD-000046,1,187.73,0.0
LINE-0001045,ORD-000425,PROD-000515,4,39.01,0.25
LINE-0001046,ORD-000426,PROD-000235,1,247.2,0.15
LINE-0001047,ORD-000426,PROD-000349,3,42.44,0.0
LINE-0001048,ORD-000426,PROD-000394,4,106.63,0.25
LINE-0001049,ORD-000427,PROD-000191,2,177.17,0.1
LINE-0001050,ORD-000427,PROD-000307,1,206.66,0.2
LINE-0001051,ORD-000427,PROD-000047,2,977.93,0.2
LINE-0001052,ORD-000427,PROD-000439,1,47.47,0.05
LINE-0001053,ORD-000428,PROD-000447,4,17.81,0.25
LINE-0001054,ORD-000428,PROD-000027,1,1166.65,0.1
LINE-0001055,ORD-000428,PROD-000280,1,175.3,0.0
LINE-0001056,ORD-000429,PROD-000462,-1,50.97,0.0
LINE-0001057,ORD-000430,PROD-000354,2,19.9,0.2
LINE-0001058,ORD-000430,PROD-000107,5,1182.28,0.0
LINE-0001059,ORD-000431,PROD-000372,1,113.32,0.2
LINE-0001060,ORD-000431,PROD-000254,2,72.61,0.1
LINE-0001061,ORD-000432,PROD-000001,4,487.03,0.05
LINE-0001062,ORD-000432,PROD-000523,1,116.82,0.1
LINE-0001063,ORD-000433,PROD-000522,1,103.2,0.0
LINE-0001064,ORD-000433,PROD-000239,2,179.72,0.1
LINE-0001065,ORD-000433,PROD-000043,2,29.75,0.2
LINE-0001066,ORD-000433,PROD-000454,1,149.0,0.25
LINE-0001067,ORD-000434,PROD-000548,3,-96.74,0.0
LINE-0001068,ORD-000434,PROD-000463,1,163.07,0.2
LINE-0001069,ORD-000435,PROD-000066,4,1137.35,0.0
LINE-0001070,ORD-000436,PROD-000077,3,73.36,0.05
LINE-0001071,ORD-000436,PROD-000224,3,60.55,0.15
LINE-0001072,ORD-000436,PROD-000118,1,393.76,0.0
LINE-0001073,ORD-000437,PROD-000425,1,60.53,0.05
LINE-0001074,ORD-000437,PROD-000113,1,262.56,0.05
LINE-0001075,ORD-000438,PROD-000425,1,60.53,0.05
LINE-0001076,ORD-000438,PROD-000001,2,487.03,0.0
LINE-0001077,ORD-000438,PROD-000357,1,101.31,0.1
LINE-0001078,ORD-000438,PROD-000196,1,58.68,0.15
LINE-0001079,ORD-000439,PROD-000418,1,110.42,0.15
LINE-0001080,ORD-000440,PROD-000173,1,49.13,0.15
LINE-0001081,ORD-000441,PROD-000317,1,81.73,0.1
LINE-0001082,ORD-000441,PROD-000516,2,108.78,0.0
LINE-0001083,ORD-000441,PROD-000152,2,400.27,0.0
LINE-0001084,ORD-000442,PROD-000333,1,67.42,0.1
LINE-0001085,ORD-000442,PROD-000033,3,761.65,0.0
LINE-0001086,ORD-000442,PROD-000202,3,215.58,0.2
LINE-0001087,ORD-000442,PROD-000304,1,178.65,0.2
LINE-0001088,ORD-000443,PROD-000490,2,160.67,0.25
LINE-0001089,ORD-000444,PROD-000537,1,192.0,0.0
LINE-0001090,ORD-000445,PROD-000043,1,29.75,0.25
LINE-0001091,ORD-000445,PROD-000003,1,266.03,0.0
LINE-0001092,ORD-000445,PROD-000418,1,110.42,0.0
LINE-0001093,ORD-000446,PROD-000083,3,764.68,0.2
LINE-0001094,ORD-000446,PROD-000461,4,12.31,0.0
LINE-0001095,ORD-000446,PROD-000285,3,54.06,0.05
LINE-0001096,ORD-000447,PROD-000194,2,288.97,0.1
LINE-0001097,ORD-000447,PROD-000411,2,88.89,0.2
LINE-0001098,ORD-000447,PROD-000393,5,20.09,0.05
LINE-0001099,ORD-000448,PROD-000458,1,171.39,0.1
LINE-0001100,ORD-000448,PROD-000327,1,45.09,0.0
LINE-0001101,ORD-000448,PROD-000527,2,75.57,0.15
LINE-0001102,ORD-000448,PROD-000398,1,64.48,0.15
LINE-0001103,ORD-000449,PROD-000329,1,66.11,0.0
LINE-0001104,ORD-000449,PROD-000051,1,917.65,0.0
LINE-0001105,ORD-000449,PROD-000116,2,454.92,0.0
LINE-0001106,ORD-000450,PROD-000498,1,45.16,0.15
LINE-0001107,ORD-000451,PROD-000398,1,64.48,0.15
LINE-0001108,ORD-000451,PROD-000046,1,187.73,0.0
LINE-0001109,ORD-000452,PROD-000494,1,0.0,0.0
LINE-0001110,ORD-000453,PROD-000065,3,813.43,0.2
LINE-0001111,ORD-000453,PROD-000238,1,235.54,0.15
LINE-0001112,ORD-000453,PROD-000412,2,12.55,0.05
LINE-0001113,ORD-000453,PROD-000217,2,376.02,0.2
LINE-0001114,ORD-000454,PROD-000105,1,1287.33,0.1
LINE-0001115,ORD-000454,PROD-000536,3,19.02,0.15
LINE-0001116,ORD-000455,PROD-000058,2,21.77,0.0
LINE-0001117,ORD-000455,PROD-000396,2,31.87,0.0
LINE-0001118,ORD-000455,PROD-000506,-2,26.14,0.0
LINE-0001119,ORD-000456,PROD-000142,1,0.0,0.0
LINE-0001120,ORD-000456,PROD-000313,5,144.33,0.0
LINE-0001121,ORD-000456,PROD-000262,2,150.0,0.1
LINE-0001122,ORD-000457,PROD-000392,4,50.05,0.25
LINE-0001123,ORD-000457,PROD-000288,4,195.24,0.2
LINE-0001124,ORD-000457,PROD-000453,1,161.91,0.0
LINE-0001125,ORD-000457,PROD-000449,2,80.84,0.15
LINE-0001126,ORD-000458,PROD-000275,1,184.54,0.15
LINE-0001127,ORD-000458,PROD-000169,2,355.13,0.2
LINE-0001128,ORD-000458,PROD-000015,1,841.49,0.15
LINE-0001129,ORD-000458,PROD-000326,1,166.49,0.25
LINE-0001130,ORD-000459,PROD-000356,2,85.61,0.15
LINE-0001131,ORD-000459,PROD-000030,2,66.16,0.05
LINE-0001132,ORD-000459,PROD-000470,2,59.9,0.05
LINE-0001133,ORD-000459,PROD-000323,1,181.54,0.0
LINE-0001134,ORD-000460,PROD-000136,1,53.41,0.2
LINE-0001135,ORD-000460,PROD-000254,5,72.61,0.2
LINE-0001136,ORD-000460,PROD-000386,1,81.01,0.0
LINE-0001137,ORD-000460,PROD-000271,1,122.91,0.0
LINE-0001138,ORD-000461,PROD-000352,2,115.09,0.2
LINE-0001139,ORD-000461,PROD-000304,1,178.65,0.15
LINE-0001140,ORD-000461,PROD-000056,2,282.57,0.15
LINE-0001141,ORD-000461,PROD-000114,1,153.95,0.05
LINE-0001142,ORD-000462,PROD-000010,3,127.42,0.2
LINE-0001143,ORD-000463,PROD-000196,4,58.68,0.0
LINE-0001144,ORD-000463,PROD-000124,4,372.72,0.0
LINE-0001145,ORD-000464,PROD-000190,2,33.12,0.25
LINE-0001146,ORD-000464,PROD-000471,1,179.6,0.25
LINE-0001147,ORD-000464,PROD-000446,2,194.9,0.1
LINE-0001148,ORD-000465,PROD-000140,3,24.4,0.0
LINE-0001149,ORD-000465,PROD-000331,2,49.72,0.0
LINE-0001150,ORD-000465,PROD-000070,2,520.88,0.0
LINE-0001151,ORD-000465,PROD-000407,2,55.51,0.0
LINE-0001152,ORD-000466,PROD-000105,2,1287.33,0.1
LINE-0001153,ORD-000466,PROD-000097,2,1130.24,0.2
LINE-0001154,ORD-000466,PROD-000389,1,99.07,0.0
LINE-0001155,ORD-000467,PROD-000016,1,139.07,0.0
LINE-0001156,ORD-000468,PROD-000537,2,192.0,0.0
LINE-0001157,ORD-000468,PROD-000413,1,60.66,0.05
LINE-0001158,ORD-000468,PROD-000501,3,115.85,0.0
LINE-0001159,ORD-000468,PROD-000515,2,39.01,0.0
LINE-0001160,ORD-000469,PROD-000462,1,50.97,0.25
LINE-0001161,ORD-000469,PROD-000014,3,461.11,0.0
LINE-0001162,ORD-000469,PROD-000287,2,231.85,0.2
LINE-0001163,ORD-000470,PROD-000172,2,358.58,0.0
LINE-0001164,ORD-000470,PROD-000443,1,35.06,0.0
LINE-0001165,ORD-000470,PROD-000079,3,786.25,0.0
LINE-0001166,ORD-000471,PROD-000213,1,156.85,0.1
LINE-0001167,ORD-000472,PROD-000499,2,90.57,0.05
LINE-0001168,ORD-000472,PROD-000358,1,58.49,0.2
LINE-0001169,ORD-000473,PROD-000403,0,83.38,0.15
LINE-0001170,ORD-000473,PROD-000050,2,1454.47,0.0
LINE-0001171,ORD-000473,PROD-000481,2,36.01,0.15
LINE-0001172,ORD-000474,PROD-000535,1,195.07,0.0
LINE-0001173,ORD-000474,PROD-000184,3,119.18,0.0
LINE-0001174,ORD-000474,PROD-000325,2,111.59,0.05
LINE-0001175,ORD-000475,PROD-000265,1,137.1,0.0
LINE-0001176,ORD-000475,PROD-000378,4,52.29,0.0
LINE-0001177,ORD-000475,PROD-000282,2,156.35,0.2
LINE-0001178,ORD-000476,PROD-000320,5,42.79,0.25
LINE-0001179,ORD-000476,PROD-000384,5,73.3,0.15
LINE-0001180,ORD-000476,PROD-000300,4,86.7,0.0
LINE-0001181,ORD-000477,PROD-000080,2,1094.68,0.0
LINE-0001182,ORD-000477,PROD-000117,2,331.7,0.05
LINE-0001183,ORD-000478,PROD-000466,1,87.79,0.25
LINE-0001184,ORD-000478,PROD-000300,1,86.7,0.0
LINE-0001185,ORD-000479,PROD-000456,2,72.0,0.1
LINE-0001186,ORD-000479,PROD-000415,1,103.9,0.0
LINE-0001187,ORD-000479,PROD-000216,3,34.27,0.25
LINE-0001188,ORD-000479,PROD-000254,-5,72.61,0.0
LINE-0001189,ORD-000480,PROD-000201,1,223.57,0.2
LINE-0001190,ORD-000481,PROD-000076,1,1180.25,0.15
LINE-0001191,ORD-000481,PROD-000495,1,22.97,0.0
LINE-0001192,ORD-000482,PROD-000070,1,520.88,0.2
LINE-0001193,ORD-000483,PROD-000043,1,29.75,0.15
LINE-0001194,ORD-000483,PROD-000267,3,156.13,0.05
LINE-0001195,ORD-000484,PROD-000403,1,83.38,0.05
LINE-0001196,ORD-000485,PROD-000524,1,122.29,0.05
LINE-0001197,ORD-000485,PROD-000152,1,400.27,0.15
LINE-0001198,ORD-000485,PROD-000281,1,212.17,0.05
LINE-0001199,ORD-000486,PROD-000013,1,598.66,0.0
LINE-0001200,ORD-000486,PROD-000037,2,411.24,0.2
LINE-0001201,ORD-000486,PROD-000109,2,952.19,0.25
LINE-0001202,ORD-000487,PROD-000526,1,15.1,0.2
LINE-0001203,ORD-000487,PROD-000301,2,43.8,0.15
LINE-0001204,ORD-000487,PROD-000535,1,195.07,0.0
LINE-0001205,ORD-000487,PROD-000070,1,520.88,0.1
LINE-0001206,ORD-000488,PROD-000266,3,185.8,0.1
LINE-0001207,ORD-000488,PROD-000376,1,115.65,0.2
LINE-0001208,ORD-000488,PROD-000274,3,143.12,0.0
LINE-0001209,ORD-000489,PROD-000378,1,52.29,0.25
LINE-0001210,ORD-000489,PROD-000069,1,1054.97,0.05
LINE-0001211,ORD-000490,PROD-000112,1,330.17,0.0
LINE-0001212,ORD-000490,PROD-000016,1,139.07,0.0
LINE-0001213,ORD-000490,PROD-000336,5,14.85,0.25
LINE-0001214,ORD-000490,PROD-000252,1,112.15,0.1
LINE-0001215,ORD-000491,PROD-000443,3,35.06,0.0
LINE-0001216,ORD-000491,PROD-000549,3,31.57,0.1
LINE-0001217,ORD-000491,PROD-000535,2,195.07,0.15
LINE-0001218,ORD-000491,PROD-000162,1,15.34,0.25
LINE-0001219,ORD-000492,PROD-000499,1,90.57,0.1
LINE-0001220,ORD-000492,PROD-000110,1,849.31,0.25
LINE-0001221,ORD-000493,PROD-000265,2,137.1,1.5
LINE-0001222,ORD-000493,PROD-000393,1,20.09,0.0
LINE-0001223,ORD-000494,PROD-000398,4,64.48,0.1
LINE-0001224,ORD-000495,PROD-000282,2,156.35,0.05
LINE-0001225,ORD-000495,PROD-000138,1,428.93,0.05
LINE-0001226,ORD-000496,PROD-000170,2,-69.28,0.0
LINE-0001227,ORD-000496,PROD-000542,1,143.62,0.0
LINE-0001228,ORD-000496,PROD-000247,4,222.1,0.0
LINE-0001229,ORD-000496,PROD-000249,1,180.47,0.25
LINE-0001230,ORD-000497,PROD-000409,5,17.15,0.0
LINE-0001231,ORD-000498,PROD-000180,3,385.62,0.0
LINE-0001232,ORD-000498,PROD-000538,3,61.93,0.05
LINE-0001233,ORD-000499,PROD-000153,1,296.81,0.0
LINE-0001234,ORD-000499,PROD-000127,3,485.22,0.0
LINE-0001235,ORD-000500,PROD-000194,1,288.97,0.05
LINE-0001236,ORD-000501,PROD-000003,2,266.03,0.0
LINE-0001237,ORD-000501,PROD-000017,1,144.94,0.2
LINE-0001238,ORD-000502,PROD-000452,1,144.03,0.0
LINE-0001239,ORD-000502,PROD-000396,1,31.87,0.25
LINE-0001240,ORD-000502,PROD-000120,1,471.1,0.2
LINE-0001241,ORD-000502,PROD-000047,1,977.93,0.0
LINE-0001242,ORD-000503,PROD-000087,3,586.35,0.1
LINE-0001243,ORD-000504,PROD-000389,1,99.07,0.0
LINE-0001244,ORD-000504,PROD-000400,2,104.75,0.1
LINE-0001245,ORD-000505,PROD-000246,1,89.32,0.1
LINE-0001246,ORD-000506,PROD-000255,2,222.13,0.0
LINE-0001247,ORD-000506,PROD-000090,2,725.29,0.25
LINE-0001248,ORD-000506,PROD-000531,1,60.65,0.1
LINE-0001249,ORD-000507,PROD-000144,2,424.11,0.2
LINE-0001250,ORD-000507,PROD-000204,4,495.22,0.15
LINE-0001251,ORD-000507,PROD-000330,3,186.08,0.0
LINE-0001252,ORD-000507,PROD-000324,1,53.68,0.0
LINE-0001253,ORD-000508,PROD-000208,1,116.36,0.0
LINE-0001254,ORD-000509,PROD-000421,2,18.21,0.1
LINE-0001255,ORD-000509,PROD-000191,1,177.17,0.15
LINE-0001256,ORD-000509,PROD-000004,3,815.87,0.2
LINE-0001257,ORD-000509,PROD-000386,1,81.01,0.25
LINE-0001258,ORD-000510,PROD-000347,3,27.56,0.0
LINE-0001259,ORD-000511,PROD-000454,1,149.0,0.2
LINE-0001260,ORD-000512,PROD-000440,1,11.44,0.0
LINE-0001261,ORD-000512,PROD-000283,5,87.19,0.2
LINE-0001262,ORD-000512,PROD-000097,3,1130.24,0.15
LINE-0001263,ORD-000512,PROD-000077,3,73.36,0.1
LINE-0001264,ORD-000513,PROD-000095,4,733.78,0.05
LINE-0001265,ORD-000514,PROD-000002,1,141.86,0.0
LINE-0001266,ORD-000514,PROD-000465,1,109.8,0.2
LINE-0001267,ORD-000514,PROD-000339,1,71.56,0.1
LINE-0001268,ORD-000515,PROD-000043,1,29.75,0.05
LINE-0001269,ORD-000515,PROD-000544,1,163.69,0.2
LINE-0001270,ORD-000515,PROD-000016,4,139.07,0.2
LINE-0001271,ORD-000515,PROD-000384,1,73.3,0.05
LINE-0001272,ORD-000516,PROD-000147,1,497.34,0.0
LINE-0001273,ORD-000516,PROD-000394,1,106.63,0.2
LINE-0001274,ORD-000516,PROD-000422,1,41.82,0.25
LINE-0001275,ORD-000517,PROD-000549,1,31.57,0.05
LINE-0001276,ORD-000518,PROD-000541,2,107.91,0.25
LINE-0001277,ORD-000518,PROD-000124,1,372.72,0.0
LINE-0001278,ORD-000518,PROD-000492,2,49.02,0.15
LINE-0001279,ORD-000518,PROD-000550,3,116.36,0.0
LINE-0001280,ORD-000519,PROD-000447,2,17.81,0.25
LINE-0001281,ORD-000519,PROD-000189,2,451.02,0.0
LINE-0001282,ORD-000519,PROD-000379,1,57.61,0.25
LINE-0001283,ORD-000520,PROD-000024,1,858.95,0.0
LINE-0001284,ORD-000520,PROD-000248,1,41.84,0.0
LINE-0001285,ORD-000520,PROD-000132,5,274.51,0.2
LINE-0001286,ORD-000520,PROD-000023,2,739.06,0.15
LINE-0001287,ORD-000521,PROD-000543,1,192.79,0.1
LINE-0001288,ORD-000521,PROD-000196,1,58.68,0.0
LINE-0001289,ORD-000521,PROD-000397,3,113.12,0.0
LINE-0001290,ORD-000521,PROD-000016,2,139.07,0.15
LINE-0001291,ORD-000522,PROD-000076,2,1180.25,0.15
LINE-0001292,ORD-000522,PROD-000481,3,36.01,0.15
LINE-0001293,ORD-000523,PROD-000123,2,90.3,0.25
LINE-0001294,ORD-000523,PROD-000480,2,140.78,0.1
LINE-0001295,ORD-000523,PROD-000507,1,185.8,0.0
LINE-0001296,ORD-000524,PROD-000508,1,48.04,0.2
LINE-0001297,ORD-000524,PROD-000311,5,93.77,0.0
LINE-0001298,ORD-000525,PROD-000101,2,831.86,0.0
LINE-0001299,ORD-000526,PROD-000097,1,1130.24,0.2
LINE-0001300,ORD-000526,PROD-000420,2,98.87,0.1
LINE-0001301,ORD-000526,PROD-000144,1,424.11,0.0
LINE-0001302,ORD-000527,PROD-000147,3,497.34,0.15
LINE-0001303,ORD-000527,PROD-000497,1,185.59,0.0
LINE-0001304,ORD-000528,PROD-000055,3,793.6,0.0
LINE-0001305,ORD-000528,PROD-000278,1,198.69,0.0
LINE-0001306,ORD-000528,PROD-000383,1,98.58,0.15
LINE-0001307,ORD-000528,PROD-000280,1,175.3,0.1
LINE-0001308,ORD-000529,PROD-000506,3,26.14,0.2
LINE-0001309,ORD-000529,PROD-000047,1,977.93,0.0
LINE-0001310,ORD-000529,PROD-000334,1,67.08,0.0
LINE-0001311,ORD-000530,PROD-000132,2,274.51,0.25
LINE-0001312,ORD-000530,PROD-000383,1,98.58,0.0
LINE-0001313,ORD-000531,PROD-000051,1,917.65,0.0
LINE-0001314,ORD-000532,PROD-000230,1,147.17,2.0
LINE-0001315,ORD-000532,PROD-000358,3,58.49,0.25
LINE-0001316,ORD-000532,PROD-000427,1,-17.55,0.0
LINE-0001317,ORD-000532,PROD-000289,1,21.18,0.05
LINE-0001318,ORD-000533,PROD-000293,1,78.2,0.0
LINE-0001319,ORD-000533,PROD-000490,1,160.67,0.0
LINE-0001320,ORD-000534,PROD-000294,1,49.9,0.0
LINE-0001321,ORD-000534,PROD-000006,1,100.31,0.25
LINE-0001322,ORD-000534,PROD-000060,1,1157.62,0.0
LINE-0001323,ORD-000535,PROD-000275,1,184.54,0.05
LINE-0001324,ORD-000535,PROD-000472,3,155.29,0.0
LINE-0001325,ORD-000536,PROD-000437,1,39.62,0.2
LINE-0001326,ORD-000536,PROD-000076,1,1180.25,0.15
LINE-0001327,ORD-000537,PROD-000502,4,63.88,0.0
LINE-0001328,ORD-000538,PROD-000367,3,21.03,0.0
LINE-0001329,ORD-000539,PROD-000121,2,64.95,0.15
LINE-0001330,ORD-000540,PROD-000187,1,408.36,0.25
LINE-0001331,ORD-000541,PROD-000091,1,1030.99,0.15
LINE-0001332,ORD-000542,PROD-000445,1,96.62,0.0
LINE-0001333,ORD-000542,PROD-000084,1,816.09,0.15
LINE-0001334,ORD-000543,PROD-000459,1,103.18,0.0
LINE-0001335,ORD-000543,PROD-000055,2,793.6,0.05
LINE-0001336,ORD-000544,PROD-000034,1,0.0,0.25
LINE-0001337,ORD-000545,PROD-000448,2,45.04,0.15
LINE-0000038,ORD-000546,PROD-000005,1,247.55,0.25
LINE-0001339,ORD-000547,PROD-000091,1,1030.99,0.15
LINE-0001340,ORD-000547,PROD-000525,2,15.34,0.1
LINE-0001341,ORD-000547,PROD-000327,3,45.09,0.05
LINE-0001342,ORD-000548,PROD-000543,1,192.79,0.2
LINE-0001343,ORD-000548,PROD-000488,2,49.86,0.05
LINE-0001344,ORD-000549,PROD-000360,1,22.51,0.25
LINE-0001345,ORD-000549,PROD-000137,1,146.84,0.0
LINE-0001346,ORD-000549,PROD-000270,2,67.77,0.2
LINE-0001347,ORD-000549,PROD-000293,1,78.2,0.0
LINE-0001348,ORD-000550,PROD-000494,1,0.0,0.1
LINE-0001349,ORD-000550,PROD-000212,1,473.4,0.0
LINE-0001350,ORD-000551,PROD-000074,1,443.96,0.1
LINE-0001351,ORD-000551,PROD-000037,1,411.24,0.15
LINE-0001352,ORD-000552,PROD-000161,1,90.18,0.15
LINE-0001353,ORD-000553,PROD-000233,4,125.03,0.1
LINE-0001354,ORD-000553,PROD-000192,2,388.63,0.05
LINE-0001355,ORD-000553,PROD-000072,1,150.44,0.15
LINE-0001356,ORD-000553,PROD-000488,1,49.86,0.25
LINE-0001357,ORD-000554,PROD-000545,2,21.37,0.0
LINE-0001358,ORD-000554,PROD-000253,1,40.42,0.2
LINE-0001359,ORD-000554,PROD-000353,1,110.89,0.0
LINE-0001360,ORD-000555,PROD-000287,2,231.85,0.25
LINE-0001361,ORD-000555,PROD-000453,1,161.91,0.05
LINE-0001362,ORD-000555,PROD-000040,1,863.83,0.05
LINE-0001363,ORD-000555,PROD-000447,1,17.81,9.99
LINE-0001364,ORD-000556,PROD-000524,1,122.29,0.0
LINE-0001365,ORD-000556,PROD-000204,1,495.22,0.15
LINE-0001366,ORD-000556,PROD-000318,3,220.88,0.05
LINE-0001367,ORD-000557,PROD-000313,1,144.33,0.15
LINE-0001368,ORD-000557,PROD-000423,2,42.83,0.15
LINE-0001369,ORD-000557,PROD-000144,2,424.11,0.0
LINE-0001370,ORD-000557,PROD-000049,1,102.74,0.25
LINE-0001371,ORD-000558,PROD-000291,1,223.67,0.25
LINE-0001372,ORD-000558,PROD-000052,1,627.92,0.15
LINE-0001373,ORD-000558,PROD-000410,2,111.99,0.15
LINE-0001374,ORD-000558,PROD-000376,1,115.65,0.0
LINE-0001375,ORD-000559,PROD-000414,2,26.39,0.0
LINE-0001376,ORD-000559,PROD-000167,3,469.82,0.0
LINE-0001377,ORD-000559,PROD-000215,2,57.68,0.0
LINE-0001378,ORD-000560,PROD-000340,5,14.72,0.25
LINE-0001379,ORD-000560,PROD-000112,2,330.17,0.1
LINE-0001380,ORD-000560,PROD-000044,-2,781.51,0.0
LINE-0001381,ORD-000561,PROD-000245,3,0.0,0.0
LINE-0001382,ORD-000562,PROD-000105,2,1287.33,0.25
LINE-0001383,ORD-000563,PROD-000100,3,581.54,0.1
LINE-0001384,ORD-000563,PROD-000020,4,833.49,0.25
LINE-0001385,ORD-000563,PROD-000148,1,244.31,0.2
LINE-0001386,ORD-000563,PROD-000344,2,95.85,0.0
LINE-0001387,ORD-000564,PROD-000176,1,216.35,0.2
LINE-0001388,ORD-000564,PROD-000025,3,384.33,0.15
LINE-0001389,ORD-000565,PROD-000330,1,186.08,0.0
LINE-0001390,ORD-000565,PROD-000282,3,156.35,0.0
LINE-0001391,ORD-000566,PROD-000086,2,1346.85,0.0
LINE-0001392,ORD-000567,PROD-000456,5,72.0,0.15
LINE-0001393,ORD-000567,PROD-000329,1,66.11,0.0
LINE-0001394,ORD-000568,PROD-000165,2,256.3,0.2
LINE-0001395,ORD-000569,PROD-990722,2,26.87,0.15
LINE-0001396,ORD-000570,PROD-000353,4,110.89,0.05
LINE-0001397,ORD-000571,PROD-000363,4,56.39,0.25
LINE-0001398,ORD-000571,PROD-000272,2,23.3,0.15
LINE-0001399,ORD-000572,PROD-000456,2,72.0,0.1
LINE-0001400,ORD-000573,PROD-000513,1,129.38,0.0
LINE-0001401,ORD-000574,PROD-000200,5,498.57,0.15
LINE-0001402,ORD-000574,PROD-000135,1,94.18,0.15
LINE-0001403,ORD-000574,PROD-000483,2,141.02,0.0
LINE-0001404,ORD-000574,PROD-000051,2,917.65,0.05
LINE-0001405,ORD-000575,PROD-000050,1,1454.47,0.0
LINE-0001406,ORD-000576,PROD-990565,1,175.06,0.05
LINE-0001407,ORD-000576,PROD-000227,1,19.5,0.0
LINE-0001408,ORD-000576,PROD-000319,3,247.68,0.0
LINE-0001409,ORD-000576,PROD-000013,1,598.66,0.1
LINE-0001410,ORD-000577,PROD-000132,1,274.51,0.2
LINE-0001411,ORD-000577,PROD-000033,2,761.65,0.0
LINE-0001412,ORD-000577,PROD-000224,1,60.55,0.1
LINE-0001413,ORD-000578,PROD-000075,3,669.67,0.1
LINE-0001414,ORD-000579,PROD-000232,1,156.11,0.15
LINE-0001415,ORD-000580,PROD-000375,1,84.67,0.05
LINE-0001416,ORD-000580,PROD-000362,1,29.44,0.15
LINE-0001417,ORD-000581,PROD-990336,1,58.39,0.2
LINE-0001418,ORD-000581,PROD-000047,1,977.93,0.0
LINE-0001419,ORD-000581,PROD-000378,2,52.29,0.0
LINE-0001420,ORD-000582,PROD-000425,1,60.53,0.25
LINE-0001421,ORD-000583,PROD-000020,1,833.49,0.2
LINE-0001422,ORD-000584,PROD-000062,1,824.71,0.25
LINE-0001423,ORD-000584,PROD-000077,1,73.36,0.1
LINE-0001424,ORD-000584,PROD-000404,4,36.89,0.0
LINE-0001425,ORD-000584,PROD-000457,1,158.43,0.05
LINE-0001426,ORD-000585,PROD-000521,5,35.54,0.05
LINE-0001427,ORD-000585,PROD-000281,1,212.17,1.5
LINE-0001428,ORD-000585,PROD-000131,1,162.22,0.1
LINE-0001429,ORD-000585,PROD-000229,1,43.74,0.15
LINE-0001430,ORD-000586,PROD-000022,1,990.09,0.2
LINE-0001431,ORD-000586,PROD-000003,2,266.03,0.25
LINE-0001432,ORD-000587,PROD-000394,-2,106.63,0.0
LINE-0001433,ORD-000587,PROD-000164,1,334.26,0.05
LINE-0001434,ORD-000587,PROD-000350,2,87.31,0.0
LINE-0001435,ORD-000587,PROD-000343,2,110.01,0.15
LINE-0001436,ORD-000588,PROD-000076,4,1180.25,0.25
LINE-0001437,ORD-000589,PROD-000396,5,31.87,0.1
LINE-0001438,ORD-000589,PROD-000328,2,55.2,0.0
LINE-0001439,ORD-000590,PROD-990721,3,321.6,0.1
LINE-0001440,ORD-000590,PROD-000300,2,86.7,0.0
LINE-0001441,ORD-000590,PROD-000111,1,73.79,0.0
LINE-0001442,ORD-000590,PROD-000479,2,70.07,0.0
LINE-0001443,ORD-000591,PROD-000230,1,147.17,0.1
LINE-0001444,ORD-000591,PROD-000232,2,156.11,0.15
LINE-0001445,ORD-000592,PROD-000073,5,1092.24,0.0
LINE-0001446,ORD-000593,PROD-000041,1,1349.37,0.2
LINE-0001447,ORD-000594,PROD-000372,3,113.32,0.05
LINE-0001448,ORD-000595,PROD-000431,4,68.89,0.1
LINE-0001449,ORD-000596,PROD-000015,0,841.49,0.0
LINE-0001450,ORD-000596,PROD-000159,1,107.03,0.0
LINE-0001451,ORD-000597,PROD-000410,4,111.99,0.0
LINE-0001452,ORD-000597,PROD-000462,5,50.97,0.1
LINE-0001453,ORD-000597,PROD-000231,1,97.82,0.15
LINE-0001454,ORD-000597,PROD-000142,1,0.0,0.25
LINE-0001455,ORD-000598,PROD-000470,2,59.9,0.0
LINE-0001456,ORD-000598,PROD-000339,1,71.56,0.0
LINE-0001457,ORD-000598,PROD-000195,1,369.81,0.2
LINE-0001458,ORD-000599,PROD-000175,1,135.64,0.05
LINE-0001459,ORD-000599,PROD-000412,1,12.55,0.05
LINE-0001460,ORD-000599,PROD-000048,2,896.66,0.2
LINE-0001461,ORD-000600,PROD-000009,2,1086.01,0.25
LINE-0001462,ORD-000600,PROD-000147,2,497.34,0.15
LINE-0001463,ORD-000601,PROD-000542,2,143.62,0.1
LINE-0001464,ORD-000601,PROD-000196,1,58.68,0.25
LINE-0001465,ORD-000601,PROD-000081,1,429.22,0.25
LINE-0001466,ORD-000602,PROD-000132,1,274.51,0.0
LINE-0001467,ORD-000603,PROD-000120,1,471.1,0.05
LINE-0001468,ORD-000603,PROD-000096,1,290.64,0.0
LINE-0001469,ORD-000603,PROD-000360,1,22.51,0.0
LINE-0001470,ORD-000603,PROD-000169,1,355.13,0.05
LINE-0001471,ORD-000604,PROD-000176,1,216.35,0.15
LINE-0001472,ORD-000604,PROD-000104,2,358.27,0.0
LINE-0001473,ORD-000604,PROD-000179,2,467.75,0.25
LINE-0001474,ORD-000604,PROD-000071,4,27.82,0.0
LINE-0001475,ORD-000605,PROD-000099,2,786.93,0.0
LINE-0001476,ORD-000605,PROD-000452,2,144.03,0.2
LINE-0001477,ORD-000605,PROD-000111,1,73.79,0.05
LINE-0001478,ORD-000606,PROD-000348,2,-75.18,0.25
LINE-0001479,ORD-000606,PROD-000085,1,735.76,0.25
LINE-0001480,ORD-000606,PROD-000328,1,55.2,0.0
LINE-0001481,ORD-000607,PROD-000398,1,64.48,0.0
LINE-0001482,ORD-000608,PROD-000355,1,35.83,0.05
LINE-0001483,ORD-000609,PROD-000227,1,19.5,0.25
LINE-0001484,ORD-000609,PROD-000070,2,520.88,0.0
LINE-0001485,ORD-000609,PROD-000392,3,50.05,0.1
LINE-0001486,ORD-000609,PROD-000162,2,15.34,1.5
LINE-0001487,ORD-000610,PROD-000055,2,793.6,0.0
LINE-0001488,ORD-000610,PROD-000101,1,831.86,0.0
LINE-0001489,ORD-000610,PROD-000535,1,195.07,0.25
LINE-0001490,ORD-000611,PROD-000002,2,141.86,0.0
LINE-0001491,ORD-000611,PROD-000056,1,282.57,0.05
LINE-0001492,ORD-000612,PROD-000133,1,386.44,0.0
LINE-0001493,ORD-000612,PROD-000240,1,220.96,0.0
LINE-0001494,ORD-000612,PROD-000141,4,151.82,0.1
LINE-0001495,ORD-000613,PROD-000292,2,86.63,0.1
LINE-0001496,ORD-000614,PROD-000293,1,78.2,0.0
LINE-0001497,ORD-000614,PROD-000221,2,136.17,0.0
LINE-0001498,ORD-000614,PROD-000137,1,146.84,0.2
LINE-0001499,ORD-000614,PROD-000546,1,151.81,0.15
LINE-0001500,ORD-000615,PROD-000011,1,917.71,0.0
LINE-0001501,ORD-000615,PROD-000132,1,274.51,0.0
LINE-0001502,ORD-000616,PROD-000217,2,376.02,0.0
LINE-0001503,ORD-000617,PROD-000156,1,251.59,0.0
LINE-0001504,ORD-000617,PROD-000230,2,147.17,0.25
LINE-0001505,ORD-000617,PROD-000137,1,146.84,0.25
LINE-0001506,ORD-000618,PROD-000133,2,386.44,0.15
LINE-0001507,ORD-000618,PROD-000108,2,166.47,0.05
LINE-0001508,ORD-000618,PROD-000255,2,222.13,0.0
LINE-0001509,ORD-000619,PROD-000524,2,122.29,0.2
LINE-0001510,ORD-000619,PROD-000098,4,68.18,0.15
LINE-0001511,ORD-000620,PROD-000424,1,60.47,0.1
LINE-0001512,ORD-000621,PROD-000206,2,41.44,0.05
LINE-0001513,ORD-000621,PROD-000003,2,266.03,0.25
LINE-0001514,ORD-000621,PROD-000059,1,1314.73,0.25
LINE-0001515,ORD-000621,PROD-000360,1,22.51,0.25
LINE-0001516,ORD-000622,PROD-000415,1,103.9,0.0
LINE-0001517,ORD-000622,PROD-000101,-5,831.86,0.0
LINE-0001518,ORD-000622,PROD-000235,1,247.2,0.0
LINE-0001519,ORD-000623,PROD-000094,1,1434.54,0.0
LINE-0001520,ORD-000623,PROD-000433,2,39.75,0.25
LINE-0001521,ORD-000624,PROD-000395,1,81.33,0.05
LINE-0001522,ORD-000624,PROD-000042,3,620.64,0.0
LINE-0001523,ORD-000624,PROD-000166,1,325.83,0.0
LINE-0001524,ORD-000625,PROD-000259,2,211.52,0.2
LINE-0001525,ORD-000625,PROD-000290,1,233.92,0.2
LINE-0001526,ORD-000625,PROD-000070,1,520.88,0.0
LINE-0001527,ORD-000626,PROD-000085,1,735.76,0.0
LINE-0001528,ORD-000626,PROD-000212,2,473.4,0.2
LINE-0001529,ORD-000627,PROD-000015,1,841.49,0.2
LINE-0001530,ORD-000627,PROD-000522,4,103.2,0.15
LINE-0001531,ORD-000627,PROD-000058,1,21.77,0.2
LINE-0001532,ORD-000627,PROD-000383,2,98.58,0.2
LINE-0001533,ORD-000628,PROD-000042,1,620.64,0.0
LINE-0001534,ORD-000628,PROD-000400,2,104.75,0.0
LINE-0001535,ORD-000628,PROD-000245,1,0.0,0.2
LINE-0001536,ORD-000628,PROD-000411,1,88.89,0.15
LINE-0001537,ORD-000629,PROD-000063,1,194.38,0.1
LINE-0001538,ORD-000629,PROD-000318,1,220.88,0.1
LINE-0001539,ORD-000629,PROD-000301,1,43.8,0.0
LINE-0001540,ORD-000630,PROD-000449,5,80.84,0.05
LINE-0001541,ORD-000630,PROD-000408,1,34.27,0.05
LINE-0001542,ORD-000630,PROD-000206,1,41.44,0.2
LINE-0001543,ORD-000630,PROD-000321,4,179.54,0.15
LINE-0001544,ORD-000631,PROD-000317,1,81.73,0.2
LINE-0001545,ORD-000632,PROD-000473,1,120.39,0.0
LINE-0001546,ORD-000632,PROD-000199,2,111.07,0.0
LINE-0001547,ORD-000633,PROD-000140,4,24.4,0.1
LINE-0001548,ORD-000633,PROD-000452,2,144.03,0.0
LINE-0001549,ORD-000633,PROD-000123,1,90.3,0.1
LINE-0001550,ORD-000633,PROD-000093,5,935.51,0.05
LINE-0001551,ORD-000634,PROD-000143,1,402.73,0.0
LINE-0001552,ORD-000634,PROD-000359,5,11.62,0.0
LINE-0001553,ORD-000634,PROD-000336,3,14.85,0.0
LINE-0001554,ORD-000634,PROD-000280,4,175.3,0.25
LINE-0001555,ORD-000635,PROD-000425,1,60.53,0.0
LINE-0001556,ORD-000636,PROD-000326,1,166.49,0.2
LINE-0001557,ORD-000636,PROD-000088,2,1434.05,0.1
LINE-0001558,ORD-000637,PROD-000210,1,454.42,0.05
LINE-0001559,ORD-000637,PROD-000354,1,19.9,0.0
LINE-0001560,ORD-000638,PROD-000480,4,140.78,0.0
LINE-0001561,ORD-000638,PROD-000196,2,58.68,0.15
LINE-0001562,ORD-000638,PROD-000382,1,15.21,2.0
LINE-0001563,ORD-000639,PROD-000257,1,159.69,0.05
LINE-0001564,ORD-000639,PROD-000273,1,176.37,0.0
LINE-0001565,ORD-000640,PROD-000081,1,429.22,0.15
LINE-0001566,ORD-000640,PROD-000082,1,26.87,0.25
LINE-0001567,ORD-000641,PROD-000029,3,157.64,0.25
LINE-0000018,ORD-000641,PROD-000390,2,72.92,0.2
LINE-0001569,ORD-000641,PROD-000281,1,212.17,0.1
LINE-0001570,ORD-000641,PROD-000386,1,81.01,0.25
LINE-0001571,ORD-000642,PROD-000473,2,120.39,0.15
LINE-0001572,ORD-000642,PROD-000419,3,90.41,0.05
LINE-0001573,ORD-000642,PROD-000282,3,156.35,0.15
LINE-0001574,ORD-000643,PROD-000455,1,14.7,0.25
LINE-0001575,ORD-000643,PROD-000387,3,76.84,0.1
LINE-0001576,ORD-000644,PROD-000403,1,83.38,0.2
LINE-0001577,ORD-000644,PROD-000523,1,116.82,0.05
LINE-0001578,ORD-000644,PROD-000399,3,70.9,0.1
LINE-0001579,ORD-000644,PROD-000067,1,847.45,0.0
LINE-0001580,ORD-000645,PROD-000186,1,90.7,0.15
LINE-0001581,ORD-000646,PROD-000386,1,81.01,0.15
LINE-0001582,ORD-000646,PROD-000023,1,739.06,0.1
LINE-0001583,ORD-000646,PROD-000009,1,1086.01,0.0
LINE-0001584,ORD-000647,PROD-000194,2,288.97,0.15
LINE-0001585,ORD-000647,PROD-000416,1,61.55,0.15
LINE-0001586,ORD-000647,PROD-000149,1,368.18,0.2
LINE-0001587,ORD-000648,PROD-000317,3,81.73,0.05
LINE-0001588,ORD-000648,PROD-000465,1,109.8,0.0
LINE-0001589,ORD-000648,PROD-000191,4,177.17,0.25
LINE-0001590,ORD-000648,PROD-000118,1,393.76,0.1
LINE-0001591,ORD-000649,PROD-000251,2,169.13,0.0
LINE-0001592,ORD-000649,PROD-000384,1,73.3,0.1
LINE-0001593,ORD-000650,PROD-000402,3,25.55,0.1
LINE-0001594,ORD-000650,PROD-000128,1,321.05,0.0
LINE-0001595,ORD-000651,PROD-000205,4,128.23,0.2
LINE-0001596,ORD-000651,PROD-000259,1,211.52,0.0
LINE-0001597,ORD-000651,PROD-000165,2,256.3,0.1
LINE-0001598,ORD-000652,PROD-000324,1,53.68,0.25
LINE-0001599,ORD-000652,PROD-000223,1,43.79,0.2
LINE-0001600,ORD-000652,PROD-000058,1,21.77,0.05
LINE-0001601,ORD-000653,PROD-000237,1,196.84,0.0
LINE-0001602,ORD-000653,PROD-000109,1,952.19,0.25
LINE-0001603,ORD-000653,PROD-000019,2,1013.04,0.15
LINE-0001604,ORD-000653,PROD-000031,1,836.35,0.0
LINE-0001605,ORD-000654,PROD-000126,1,487.86,0.15
LINE-0001606,ORD-000654,PROD-000083,1,764.68,0.25
LINE-0001607,ORD-000655,PROD-000295,1,61.56,0.15
LINE-0001608,ORD-000656,PROD-000219,1,139.96,0.1
LINE-0001609,ORD-000656,PROD-000379,2,57.61,0.0
LINE-0001610,ORD-000657,PROD-000526,1,15.1,0.25
LINE-0001611,ORD-000657,PROD-000480,3,140.78,0.0
LINE-0001612,ORD-000657,PROD-000272,1,23.3,0.0
LINE-0001613,ORD-000657,PROD-000281,1,212.17,0.25
LINE-0001614,ORD-000658,PROD-000171,3,403.48,0.2
LINE-0001615,ORD-000658,PROD-000026,1,-18.13,0.15
LINE-0001616,ORD-000659,PROD-000233,1,125.03,0.25
LINE-0001617,ORD-000659,PROD-000463,4,163.07,0.25
LINE-0001618,ORD-000660,PROD-000448,4,45.04,0.15
LINE-0001619,ORD-000660,PROD-000417,2,36.37,0.2
LINE-0001620,ORD-000661,PROD-000204,1,495.22,0.0
LINE-0001621,ORD-000661,PROD-000488,2,49.86,0.0
LINE-0001622,ORD-000662,PROD-000065,5,813.43,0.0
LINE-0001623,ORD-000662,PROD-000048,4,896.66,0.25
LINE-0001624,ORD-000662,PROD-000373,1,99.15,0.0
LINE-0001625,ORD-000663,PROD-000384,1,73.3,0.15
LINE-0001626,ORD-000664,PROD-000038,1,715.11,0.0
LINE-0001627,ORD-000665,PROD-000504,1,162.45,0.0
LINE-0001628,ORD-000665,PROD-000187,2,408.36,0.0
LINE-0001629,ORD-000666,PROD-000195,1,369.81,0.05
LINE-0001630,ORD-000666,PROD-000335,1,82.66,0.0
LINE-0001631,ORD-000666,PROD-000483,1,141.02,0.2
LINE-0001632,ORD-000667,PROD-000316,1,163.58,0.05
LINE-0001633,ORD-000668,PROD-000228,1,189.57,0.2
LINE-0001634,ORD-000669,PROD-000515,1,39.01,0.0
LINE-0001635,ORD-000670,PROD-000208,1,116.36,0.0
LINE-0001636,ORD-000671,PROD-000395,4,81.33,0.15
LINE-0001637,ORD-000671,PROD-000362,1,29.44,0.0
LINE-0001638,ORD-000672,PROD-000185,1,291.76,0.05
LINE-0000039,ORD-000672,PROD-000028,1,87.66,0.15
LINE-0001640,ORD-000672,PROD-000195,1,369.81,0.0
LINE-0001641,ORD-000672,PROD-000505,1,103.4,0.15
LINE-0001642,ORD-000673,PROD-000223,1,43.79,0.0
LINE-0001643,ORD-000673,PROD-000246,1,89.32,0.0
LINE-0001644,ORD-000673,PROD-000155,1,318.18,0.25
LINE-0001645,ORD-000674,PROD-000199,2,111.07,0.0
LINE-0001646,ORD-000674,PROD-000543,1,192.79,0.0
LINE-0001647,ORD-000675,PROD-000380,1,119.59,0.15
LINE-0001648,ORD-000675,PROD-000494,2,0.0,0.05
LINE-0001649,ORD-000675,PROD-000233,1,125.03,0.0
LINE-0001650,ORD-000676,PROD-000441,1,75.12,0.0
LINE-0001651,ORD-000676,PROD-000445,1,96.62,0.15
LINE-0001652,ORD-000677,PROD-000489,1,157.18,0.2
LINE-0001653,ORD-000678,PROD-000051,1,917.65,0.25
LINE-0001654,ORD-000679,PROD-000532,5,118.36,0.0
LINE-0001655,ORD-000680,PROD-000518,5,13.35,0.05
LINE-0001656,ORD-000680,PROD-000126,5,487.86,0.2
LINE-0001657,ORD-000680,PROD-000526,1,15.1,0.0
LINE-0001658,ORD-000680,PROD-000166,1,325.83,0.0
LINE-0001659,ORD-000681,PROD-000512,1,155.91,0.0
LINE-0001660,ORD-000682,PROD-000413,1,60.66,0.15
LINE-0001661,ORD-000682,PROD-000105,1,1287.33,0.05
LINE-0001662,ORD-000683,PROD-000094,1,1434.54,0.2
LINE-0001663,ORD-000683,PROD-000513,1,129.38,0.1
LINE-0001664,ORD-000684,PROD-000420,1,98.87,0.15
LINE-0001665,ORD-000684,PROD-000498,1,45.16,0.25
LINE-0001666,ORD-000684,PROD-000210,2,454.42,0.1
LINE-0001667,ORD-000685,PROD-000152,1,400.27,0.05
LINE-0001668,ORD-000685,PROD-000219,3,139.96,0.0
LINE-0001669,ORD-000686,PROD-000169,1,355.13,0.0
LINE-0001670,ORD-000686,PROD-000529,1,175.09,0.0
LINE-0001671,ORD-000687,PROD-000265,1,137.1,0.0
LINE-0001672,ORD-000687,PROD-000161,1,90.18,0.0
LINE-0001673,ORD-000687,PROD-000362,1,29.44,0.0
LINE-0001674,ORD-000688,PROD-000422,1,41.82,0.0
LINE-0001675,ORD-000688,PROD-000059,2,1314.73,0.15
LINE-0001676,ORD-000688,PROD-000394,1,106.63,0.05
LINE-0001677,ORD-000689,PROD-000051,1,917.65,0.25
LINE-0001678,ORD-000689,PROD-000406,4,21.87,0.05
LINE-0001679,ORD-000689,PROD-000254,1,72.61,0.0
LINE-0001680,ORD-000690,PROD-000057,2,1133.52,0.1
LINE-0001681,ORD-000691,PROD-000512,1,155.91,0.0
LINE-0001682,ORD-000691,PROD-000290,1,233.92,0.25
LINE-0001683,ORD-000691,PROD-000110,1,849.31,0.15
LINE-0001684,ORD-000691,PROD-000247,1,222.1,0.05
LINE-0001685,ORD-000692,PROD-000127,2,485.22,0.0
LINE-0001686,ORD-000692,PROD-000339,1,71.56,0.0
LINE-0001687,ORD-000692,PROD-000156,1,251.59,0.05
LINE-0001688,ORD-000693,PROD-000182,1,232.03,0.1
LINE-0001689,ORD-000693,PROD-000418,4,110.42,0.2
LINE-0001690,ORD-000693,PROD-000059,2,1314.73,0.05
LINE-0001691,ORD-000693,PROD-000529,4,175.09,0.25
LINE-0001692,ORD-000694,PROD-000403,2,83.38,0.1
LINE-0001693,ORD-000694,PROD-000066,2,1137.35,0.25
LINE-0001694,ORD-000694,PROD-000329,1,66.11,0.0
LINE-0001695,ORD-000695,PROD-000334,4,67.08,0.0
LINE-0001696,ORD-000695,PROD-000263,1,225.65,0.0
LINE-0001697,ORD-000695,PROD-000076,1,1180.25,0.15
LINE-0001698,ORD-000696,PROD-000446,2,194.9,0.1
LINE-0001699,ORD-000697,PROD-000081,1,429.22,0.15
LINE-0001700,ORD-000698,PROD-000446,1,194.9,0.0
LINE-0001701,ORD-000698,PROD-000286,1,132.67,0.2
LINE-0001702,ORD-000698,PROD-000018,1,292.3,0.05
LINE-0001703,ORD-000699,PROD-000470,3,59.9,0.0
LINE-0001704,ORD-000699,PROD-000517,1,104.59,0.0
LINE-0001705,ORD-000699,PROD-000374,3,99.79,0.25
LINE-0001706,ORD-000700,PROD-000143,1,402.73,0.0
LINE-0001707,ORD-000701,PROD-000176,2,216.35,0.0
LINE-0001708,ORD-000701,PROD-000453,1,161.91,0.0
LINE-0001709,ORD-000701,PROD-000166,4,325.83,0.25
LINE-0001710,ORD-000702,PROD-000142,1,0.0,0.0
LINE-0001711,ORD-000703,PROD-000322,1,19.91,0.05
LINE-0001712,ORD-000703,PROD-000077,1,73.36,0.05
LINE-0001713,ORD-000704,PROD-000421,1,18.21,0.0
LINE-0001714,ORD-000704,PROD-000482,1,29.45,0.25
LINE-0001715,ORD-000704,PROD-000473,2,120.39,0.05
LINE-0001716,ORD-000704,PROD-000423,4,42.83,0.0
LINE-0001717,ORD-000705,PROD-000444,2,80.65,0.25
LINE-0001718,ORD-000705,PROD-000511,1,124.59,0.05
LINE-0001719,ORD-000706,PROD-000194,1,288.97,0.0
LINE-0001720,ORD-000707,PROD-000406,3,21.87,0.25
LINE-0001721,ORD-000707,PROD-000029,3,157.64,0.2
LINE-0001722,ORD-000707,PROD-000480,1,140.78,0.15
LINE-0001723,ORD-000707,PROD-000355,4,35.83,0.05
LINE-0001724,ORD-000708,PROD-000324,1,53.68,0.0
LINE-0001725,ORD-000708,PROD-000212,3,473.4,0.0
LINE-0001726,ORD-000709,PROD-000344,5,95.85,0.15
LINE-0001727,ORD-000709,PROD-000324,2,53.68,1.5
LINE-0001728,ORD-000709,PROD-000197,1,55.02,0.05
LINE-0001729,ORD-000709,PROD-000032,2,239.97,0.0
LINE-0001730,ORD-000710,PROD-000047,1,977.93,0.0
LINE-0001731,ORD-000710,PROD-000166,2,325.83,0.0
LINE-0001732,ORD-000711,PROD-000025,1,384.33,0.2
LINE-0001733,ORD-000711,PROD-000365,2,37.65,0.1
LINE-0001734,ORD-000711,PROD-000506,4,26.14,0.1
LINE-0001735,ORD-000712,PROD-000298,1,227.02,0.0
LINE-0001736,ORD-000712,PROD-000500,1,98.51,0.0
LINE-0001737,ORD-000712,PROD-000008,2,660.87,0.2
LINE-0001738,ORD-000712,PROD-000052,1,627.92,0.25
LINE-0001739,ORD-000713,PROD-000321,1,179.54,0.2
LINE-0001740,ORD-000713,PROD-000324,1,53.68,0.1
LINE-0001741,ORD-000713,PROD-000453,1,161.91,0.25
LINE-0001742,ORD-000713,PROD-000517,-5,104.59,0.25
LINE-0001743,ORD-000714,PROD-000094,2,1434.54,0.2
LINE-0001744,ORD-000714,PROD-000437,1,39.62,0.15
LINE-0001745,ORD-000714,PROD-000211,1,-46.63,0.2
LINE-0001746,ORD-000715,PROD-000270,1,67.77,0.15
LINE-0001747,ORD-000716,PROD-000024,1,858.95,0.2
LINE-0001748,ORD-000717,PROD-000369,2,16.81,0.05
LINE-0001749,ORD-000717,PROD-000330,0,186.08,0.25
LINE-0001750,ORD-000718,PROD-000039,1,172.76,0.1
LINE-0001751,ORD-000718,PROD-000403,4,83.38,0.2
LINE-0001752,ORD-000719,PROD-000484,1,162.48,0.0
LINE-0001753,ORD-000719,PROD-000459,2,103.18,0.0
LINE-0001754,ORD-000720,PROD-000143,1,402.73,0.15
LINE-0001755,ORD-000720,PROD-000397,1,113.12,0.05
LINE-0001756,ORD-000720,PROD-000234,1,242.58,0.0
LINE-0001757,ORD-000721,PROD-000486,2,109.38,0.15
LINE-0001758,ORD-000721,PROD-000009,3,1086.01,0.15
LINE-0001759,ORD-000721,PROD-000188,1,52.43,0.0
LINE-0001760,ORD-000722,PROD-000550,1,116.36,0.25
LINE-0001761,ORD-000722,PROD-000168,1,107.92,0.2
LINE-0001762,ORD-000723,PROD-000444,2,80.65,0.05
LINE-0001763,ORD-000723,PROD-000314,2,154.58,0.0
LINE-0001764,ORD-000724,PROD-000304,2,178.65,0.2
LINE-0001765,ORD-000724,PROD-000546,4,151.81,0.15
LINE-0001766,ORD-000724,PROD-000351,1,41.05,0.1
LINE-0001767,ORD-000725,PROD-000453,2,161.91,0.1
LINE-0001768,ORD-000725,PROD-000259,2,211.52,0.1
LINE-0001769,ORD-000725,PROD-000313,1,144.33,0.05
LINE-0001770,ORD-000725,PROD-000346,4,119.28,0.1
LINE-0001771,ORD-000726,PROD-000076,1,1180.25,0.2
LINE-0001772,ORD-000726,PROD-000320,2,42.79,0.05
LINE-0001773,ORD-000726,PROD-000127,2,485.22,0.05
LINE-0001774,ORD-000727,PROD-000290,4,233.92,0.05
LINE-0001775,ORD-000727,PROD-000470,1,59.9,0.1
LINE-0001776,ORD-000727,PROD-000299,1,105.58,0.2
LINE-0001777,ORD-000728,PROD-000018,3,292.3,0.0
LINE-0001778,ORD-000728,PROD-000547,2,167.73,0.05
LINE-0001779,ORD-000728,PROD-000179,1,467.75,0.0
LINE-0001780,ORD-000729,PROD-000521,2,35.54,0.25
LINE-0001781,ORD-000729,PROD-000438,1,114.67,0.05
LINE-0001782,ORD-000729,PROD-000134,2,196.21,0.1
LINE-0001783,ORD-000730,PROD-000261,3,178.71,0.0
LINE-0001784,ORD-000731,PROD-000009,1,1086.01,0.25
LINE-0001785,ORD-000732,PROD-000064,1,177.73,0.0
LINE-0001786,ORD-000732,PROD-000181,4,279.62,0.25
LINE-0001787,ORD-000733,PROD-000499,2,90.57,0.15
LINE-0001788,ORD-000734,PROD-000540,3,136.05,0.1
LINE-0001789,ORD-000734,PROD-000364,1,17.2,0.2
LINE-0001790,ORD-000734,PROD-000202,5,215.58,0.15
LINE-0001791,ORD-000735,PROD-000492,1,49.02,0.0
LINE-0001792,ORD-000735,PROD-000138,-5,428.93,0.05
LINE-0001793,ORD-000735,PROD-000131,1,162.22,0.0
LINE-0001794,ORD-000736,PROD-000317,2,81.73,0.1
LINE-0001795,ORD-000737,PROD-000319,4,247.68,0.05
LINE-0001796,ORD-000737,PROD-000398,2,64.48,0.0
LINE-0001797,ORD-000737,PROD-000067,2,847.45,0.0
LINE-0001798,ORD-000737,PROD-000155,1,318.18,0.0
LINE-0001799,ORD-000738,PROD-000112,1,330.17,0.05
LINE-0001800,ORD-000738,PROD-000142,1,0.0,0.25
LINE-0001801,ORD-000738,PROD-000120,1,471.1,0.15
LINE-0001802,ORD-000739,PROD-000372,1,113.32,0.15
LINE-0001803,ORD-000739,PROD-000550,3,116.36,0.15
LINE-0001804,ORD-000739,PROD-000409,2,17.15,0.25
LINE-0001805,ORD-000739,PROD-000199,2,111.07,0.0
LINE-0001806,ORD-000740,PROD-000082,1,26.87,0.15
LINE-0001807,ORD-000740,PROD-000229,1,43.74,0.1
LINE-0001808,ORD-000740,PROD-000072,1,150.44,0.05
LINE-0001809,ORD-000740,PROD-000274,1,143.12,0.1
LINE-0001810,ORD-000741,PROD-000414,1,26.39,0.0
LINE-0001811,ORD-000741,PROD-000405,1,14.81,0.0
LINE-0001812,ORD-000741,PROD-000232,1,156.11,2.0
LINE-0001813,ORD-000742,PROD-000050,2,1454.47,0.0
LINE-0001814,ORD-000742,PROD-000214,1,488.65,0.05
LINE-0001815,ORD-000742,PROD-000311,1,93.77,0.2
LINE-0001816,ORD-000743,PROD-000141,1,151.82,0.05
LINE-0001817,ORD-000743,PROD-000035,1,680.4,0.05
LINE-0001818,ORD-000744,PROD-000477,1,110.62,0.1
LINE-0001819,ORD-000744,PROD-000307,1,206.66,0.2
LINE-0001820,ORD-000744,PROD-000192,2,388.63,0.05
LINE-0001821,ORD-000745,PROD-000020,1,833.49,0.1
LINE-0001822,ORD-000746,PROD-000470,4,59.9,0.2
LINE-0001823,ORD-000746,PROD-000433,1,39.75,0.0
LINE-0001824,ORD-000747,PROD-000329,1,66.11,0.0
LINE-0001825,ORD-000748,PROD-000398,1,64.48,0.0
LINE-0001826,ORD-000748,PROD-000052,1,627.92,0.25
LINE-0001827,ORD-000748,PROD-000160,1,148.52,0.25
LINE-0001828,ORD-000749,PROD-000067,3,847.45,0.05
LINE-0001829,ORD-000749,PROD-000485,1,101.1,0.0
LINE-0001830,ORD-000749,PROD-000276,2,210.53,0.1
LINE-0001831,ORD-000750,PROD-000334,1,67.08,0.0
LINE-0001832,ORD-000750,PROD-000060,1,1157.62,2.0
LINE-0001833,ORD-000751,PROD-000049,1,102.74,0.1
LINE-0001834,ORD-000751,PROD-000171,1,403.48,0.2
LINE-0001835,ORD-000751,PROD-000169,1,355.13,0.2
LINE-0001836,ORD-000752,PROD-000190,0,33.12,0.0
LINE-0001837,ORD-000752,PROD-000468,2,82.53,0.05
LINE-0001838,ORD-000752,PROD-000352,5,115.09,9.99
LINE-0001839,ORD-000753,PROD-000541,1,107.91,0.05
LINE-0001840,ORD-000753,PROD-000160,2,148.52,0.0
LINE-0001841,ORD-000754,PROD-000017,2,144.94,0.15
LINE-0001842,ORD-000754,PROD-000140,2,24.4,0.2
LINE-0001843,ORD-000755,PROD-000225,5,46.97,0.05
LINE-0001844,ORD-000756,PROD-000241,2,246.15,0.0
LINE-0001845,ORD-000757,PROD-000207,3,351.48,0.2
LINE-0001846,ORD-000757,PROD-000265,2,137.1,0.25
LINE-0001847,ORD-000758,PROD-000071,1,27.82,0.15
LINE-0001848,ORD-000758,PROD-000128,2,321.05,0.0
LINE-0001849,ORD-000758,PROD-000446,1,194.9,0.25
LINE-0001850,ORD-000758,PROD-000476,4,20.04,0.2
LINE-0001851,ORD-000759,PROD-000498,3,45.16,0.15
LINE-0001852,ORD-000759,PROD-000363,1,56.39,0.05
LINE-0001853,ORD-000760,PROD-000181,1,279.62,0.1
LINE-0001854,ORD-000761,PROD-000220,1,88.57,0.0
LINE-0001855,ORD-000761,PROD-000058,1,21.77,0.05
LINE-0001856,ORD-000761,PROD-000082,1,26.87,0.1
LINE-0001857,ORD-000762,PROD-000178,2,209.75,0.1
LINE-0001858,ORD-000762,PROD-000246,2,89.32,0.0
LINE-0001859,ORD-000762,PROD-000030,3,66.16,0.0
LINE-0001860,ORD-000762,PROD-000227,1,19.5,0.0
LINE-0001861,ORD-000763,PROD-000478,1,155.28,0.0
LINE-0001862,ORD-000763,PROD-000071,1,27.82,0.25
LINE-0001863,ORD-000763,PROD-000017,3,144.94,0.0
LINE-0001864,ORD-000764,PROD-000138,1,428.93,0.0
LINE-0001865,ORD-000764,PROD-000307,1,206.66,0.15
LINE-0001866,ORD-000765,PROD-000457,1,158.43,0.2
LINE-0001867,ORD-000766,PROD-000482,3,29.45,0.25
LINE-0001868,ORD-000766,PROD-000107,1,1182.28,0.15
LINE-0001869,ORD-000766,PROD-000496,2,46.38,0.1
LINE-0001870,ORD-000767,PROD-000111,2,73.79,9.99
LINE-0001871,ORD-000767,PROD-000192,2,388.63,0.15
LINE-0001872,ORD-000767,PROD-000278,1,198.69,0.05
LINE-0001873,ORD-000767,PROD-000052,1,627.92,0.25
LINE-0001874,ORD-000768,PROD-000489,1,157.18,0.15
LINE-0001875,ORD-000768,PROD-000155,1,318.18,0.0
LINE-0001876,ORD-000769,PROD-000163,2,430.55,0.0
LINE-0001877,ORD-000769,PROD-000332,1,21.55,0.15
LINE-0001878,ORD-000770,PROD-000411,1,88.89,0.0
LINE-0001879,ORD-000770,PROD-000296,1,203.44,0.05
LINE-0001880,ORD-000770,PROD-000266,2,185.8,0.25
LINE-0001881,ORD-000770,PROD-000528,1,0.0,0.05
LINE-0001882,ORD-000771,PROD-000471,2,179.6,0.0
LINE-0001883,ORD-000771,PROD-000080,1,1094.68,0.0
LINE-0001884,ORD-000772,PROD-000088,5,1434.05,0.0
LINE-0001885,ORD-000772,PROD-000091,2,1030.99,0.0
LINE-0001886,ORD-000773,PROD-000534,1,66.9,0.2
LINE-0001887,ORD-000773,PROD-000043,1,29.75,0.0
LINE-0001888,ORD-000773,PROD-000247,1,222.1,0.0
LINE-0001889,ORD-000773,PROD-000362,1,29.44,1.5
LINE-0001890,ORD-000774,PROD-000505,1,103.4,0.1
LINE-0001891,ORD-000775,PROD-000236,3,159.05,0.0
LINE-0001892,ORD-000776,PROD-000109,2,952.19,0.0
LINE-0001893,ORD-000776,PROD-000263,1,225.65,0.15
LINE-0001894,ORD-000776,PROD-000371,2,86.7,0.0
LINE-0001895,ORD-000777,PROD-000107,1,1182.28,0.25
LINE-0001896,ORD-000777,PROD-000180,5,385.62,0.2
LINE-0001897,ORD-000777,PROD-000184,1,119.18,0.1
LINE-0001898,ORD-000777,PROD-000148,-1,244.31,0.05
LINE-0001899,ORD-000778,PROD-000474,2,32.71,0.0
LINE-0001900,ORD-000778,PROD-000191,1,177.17,0.0
LINE-0001901,ORD-000779,PROD-000304,1,178.65,0.0
LINE-0001902,ORD-000779,PROD-000157,1,108.58,0.2
LINE-0001903,ORD-000779,PROD-000150,3,248.39,0.0
LINE-0001904,ORD-000780,PROD-000336,-2,14.85,0.05
LINE-0001905,ORD-000780,PROD-000273,2,176.37,0.0
LINE-0001906,ORD-000780,PROD-000399,2,70.9,0.05
LINE-0001907,ORD-000780,PROD-000201,3,223.57,0.05
LINE-0001908,ORD-000781,PROD-000309,1,159.95,0.0
LINE-0001909,ORD-000781,PROD-000317,1,81.73,0.1
LINE-0001910,ORD-000781,PROD-000461,2,12.31,0.25
LINE-0001911,ORD-000782,PROD-000013,1,598.66,0.0
LINE-0001912,ORD-000782,PROD-000285,3,54.06,0.0
LINE-0001913,ORD-000782,PROD-000484,1,162.48,0.0
LINE-0001914,ORD-000783,PROD-000394,1,106.63,0.0
LINE-0001915,ORD-000783,PROD-000528,3,0.0,0.15
LINE-0001916,ORD-000783,PROD-000365,1,37.65,0.05
LINE-0001917,ORD-000784,PROD-000517,1,104.59,0.2
LINE-0001918,ORD-000784,PROD-000270,-2,67.77,0.05
LINE-0001919,ORD-000784,PROD-000191,1,177.17,0.0
LINE-0001920,ORD-000784,PROD-000414,3,26.39,0.15
LINE-0001921,ORD-000785,PROD-000244,1,209.59,0.25
LINE-0001922,ORD-000785,PROD-990381,1,156.35,0.25
LINE-0001923,ORD-000785,PROD-000194,1,288.97,0.15
LINE-0001924,ORD-000785,PROD-000472,4,155.29,0.0
LINE-0001925,ORD-000786,PROD-000375,1,84.67,0.0
LINE-0001926,ORD-000786,PROD-000161,4,90.18,0.2
LINE-0001927,ORD-000787,PROD-000416,3,61.55,0.15
LINE-0001928,ORD-000788,PROD-000148,1,244.31,0.0
LINE-0001929,ORD-000789,PROD-000385,3,11.11,0.0
LINE-0001930,ORD-000790,PROD-000300,2,86.7,0.0
LINE-0001931,ORD-000790,PROD-000122,1,388.89,0.15
LINE-0001932,ORD-000791,PROD-000229,1,43.74,0.15
LINE-0001933,ORD-000791,PROD-000044,3,781.51,0.2
LINE-0001934,ORD-000791,PROD-000159,2,107.03,0.05
LINE-0001935,ORD-000791,PROD-990778,2,67.42,0.2
LINE-0001936,ORD-000792,PROD-000483,5,141.02,0.2
LINE-0001937,ORD-000792,PROD-000161,1,90.18,0.0
LINE-0001938,ORD-000793,PROD-000189,3,451.02,0.2
LINE-0001939,ORD-000793,PROD-000044,3,781.51,0.0
LINE-0001940,ORD-000793,PROD-000449,1,80.84,0.15
LINE-0001941,ORD-000794,PROD-000535,1,195.07,0.0
LINE-0001942,ORD-000794,PROD-000028,1,87.66,0.05
LINE-0001943,ORD-000794,PROD-000355,3,35.83,0.05
LINE-0001944,ORD-000795,PROD-000234,1,242.58,0.0
LINE-0001945,ORD-000796,PROD-000287,2,231.85,0.05
LINE-0001946,ORD-000797,PROD-000067,1,847.45,0.0
LINE-0001947,ORD-000797,PROD-000087,1,586.35,0.0
LINE-0001948,ORD-000798,PROD-000181,2,279.62,0.0
LINE-0001949,ORD-000799,PROD-000311,1,93.77,0.15
LINE-0001950,ORD-000799,PROD-000532,3,118.36,0.0
LINE-0001951,ORD-000799,PROD-000118,1,393.76,0.2
LINE-0001952,ORD-000800,PROD-000520,4,115.76,0.0
LINE-0001953,ORD-000800,PROD-000419,1,90.41,0.0
LINE-0001954,ORD-000800,PROD-000313,5,144.33,9.99
LINE-0001955,ORD-000800,PROD-000009,2,1086.01,0.1
LINE-0001956,ORD-000801,PROD-000406,1,21.87,0.1
LINE-0001957,ORD-000802,PROD-000139,1,314.59,0.2
LINE-0001958,ORD-000802,PROD-000001,1,487.03,0.0
LINE-0001959,ORD-000802,PROD-000044,2,781.51,1.5
LINE-0001960,ORD-000803,PROD-000546,3,151.81,0.15
LINE-0001961,ORD-000803,PROD-000500,1,98.51,0.2
LINE-0001962,ORD-000803,PROD-000256,1,117.44,0.2
LINE-0001963,ORD-000803,PROD-000329,2,66.11,0.1
LINE-0001964,ORD-000804,PROD-000326,1,166.49,0.05
LINE-0001965,ORD-000804,PROD-000124,2,372.72,0.1
LINE-0001966,ORD-000804,PROD-000453,1,161.91,0.0
LINE-0001967,ORD-000804,PROD-000135,2,94.18,0.0
LINE-0001968,ORD-000805,PROD-000454,5,149.0,0.0
LINE-0001969,ORD-000805,PROD-000152,1,400.27,0.0
LINE-0001970,ORD-000806,PROD-000192,1,388.63,0.1
LINE-0001971,ORD-000806,PROD-000018,-2,292.3,0.0
LINE-0001972,ORD-000807,PROD-000299,2,105.58,0.0
LINE-0001973,ORD-000808,PROD-000228,1,189.57,0.25
LINE-0001974,ORD-000808,PROD-000118,4,393.76,0.0
LINE-0001975,ORD-000808,PROD-000296,2,203.44,0.0
LINE-0001976,ORD-000809,PROD-000465,1,109.8,0.0
LINE-0001977,ORD-000809,PROD-000161,2,90.18,0.0
LINE-0001978,ORD-000809,PROD-000424,-2,60.47,0.05
LINE-0001979,ORD-000809,PROD-000292,3,86.63,0.0
LINE-0001980,ORD-000810,PROD-000059,1,1314.73,0.05
LINE-0001981,ORD-000811,PROD-000440,2,11.44,0.0
LINE-0001982,ORD-000811,PROD-000427,4,-17.55,0.0
LINE-0001983,ORD-000811,PROD-000022,2,990.09,0.0
LINE-0001984,ORD-000811,PROD-000176,3,216.35,0.15
LINE-0001985,ORD-000812,PROD-000169,1,355.13,0.05
LINE-0001986,ORD-000812,PROD-000352,3,115.09,0.2
LINE-0001987,ORD-000813,PROD-000101,2,831.86,0.15
LINE-0001988,ORD-000813,PROD-000004,2,815.87,0.0
LINE-0001989,ORD-000814,PROD-000188,1,52.43,0.05
LINE-0001990,ORD-000814,PROD-000284,1,68.94,0.0
LINE-0001991,ORD-000814,PROD-000256,2,117.44,0.15
LINE-0001992,ORD-000815,PROD-000435,1,77.92,0.0
LINE-0001993,ORD-000815,PROD-000179,2,467.75,0.0
LINE-0001994,ORD-000816,PROD-000415,3,103.9,0.2
LINE-0001995,ORD-000816,PROD-000450,4,184.87,0.05
LINE-0001996,ORD-000816,PROD-000171,1,403.48,0.05
LINE-0001997,ORD-000816,PROD-000477,4,110.62,0.0
LINE-0001998,ORD-000817,PROD-000522,1,103.2,0.05
LINE-0001999,ORD-000817,PROD-990777,1,25.55,0.05
LINE-0002000,ORD-000818,PROD-000425,3,60.53,0.0
LINE-0002001,ORD-000818,PROD-000087,1,586.35,0.2
LINE-0002002,ORD-000818,PROD-000526,1,15.1,0.0
LINE-0002003,ORD-000818,PROD-000352,1,115.09,0.2
LINE-0002004,ORD-000819,PROD-000110,1,849.31,0.0
LINE-0002005,ORD-000819,PROD-000259,3,211.52,0.0
LINE-0002006,ORD-000819,PROD-000452,1,144.03,0.0
LINE-0002007,ORD-000819,PROD-000320,1,42.79,0.05
LINE-0002008,ORD-000820,PROD-000526,2,15.1,0.05
LINE-0002009,ORD-000820,PROD-000164,1,334.26,0.05
LINE-0002010,ORD-000821,PROD-000104,2,358.27,0.05
LINE-0002011,ORD-000821,PROD-000529,4,175.09,0.15
LINE-0002012,ORD-000822,PROD-000481,2,36.01,0.25
LINE-0002013,ORD-000822,PROD-000066,3,1137.35,0.15
LINE-0002014,ORD-000823,PROD-000423,1,42.83,0.25
LINE-0002015,ORD-000824,PROD-000402,3,25.55,0.15
LINE-0002016,ORD-000824,PROD-000100,1,581.54,0.0
LINE-0002017,ORD-000824,PROD-000045,1,910.98,0.0
LINE-0002018,ORD-000824,PROD-000440,2,11.44,0.0
LINE-0002019,ORD-000825,PROD-000259,1,211.52,0.25
LINE-0002020,ORD-000825,PROD-000078,3,1173.91,0.25
LINE-0002021,ORD-000825,PROD-000133,2,386.44,0.2
LINE-0002022,ORD-000826,PROD-000480,4,140.78,0.0
LINE-0002023,ORD-000827,PROD-990623,1,39.62,0.15
LINE-0002024,ORD-000827,PROD-000258,1,25.58,0.25
LINE-0002025,ORD-000827,PROD-000314,2,154.58,0.0
LINE-0002026,ORD-000828,PROD-000158,1,250.36,0.2
LINE-0002027,ORD-000829,PROD-000385,1,11.11,0.15
LINE-0002028,ORD-000829,PROD-000416,2,61.55,0.0
LINE-0002029,ORD-000829,PROD-000401,5,78.53,0.0
LINE-0002030,ORD-000829,PROD-000178,2,209.75,0.15
LINE-0002031,ORD-000830,PROD-000214,1,488.65,0.15
LINE-0002032,ORD-000830,PROD-000323,1,181.54,0.15
LINE-0002033,ORD-000830,PROD-000528,2,0.0,0.05
LINE-0002034,ORD-000830,PROD-000170,1,-69.28,0.1
LINE-0002035,ORD-000831,PROD-000010,1,127.42,0.0
LINE-0002036,ORD-000831,PROD-000463,1,163.07,0.25
LINE-0002037,ORD-000831,PROD-000313,1,144.33,0.1
LINE-0002038,ORD-000831,PROD-000142,1,0.0,0.25
LINE-0002039,ORD-000832,PROD-000429,1,49.57,0.1
LINE-0002040,ORD-000832,PROD-000441,2,75.12,0.0
LINE-0002041,ORD-000833,PROD-000413,1,60.66,0.25
LINE-0002042,ORD-000833,PROD-000505,2,103.4,0.1
LINE-0002043,ORD-000833,PROD-000023,1,739.06,0.25
LINE-0002044,ORD-000833,PROD-000004,3,815.87,0.1
LINE-0002045,ORD-000834,PROD-000299,1,105.58,0.0
LINE-0002046,ORD-000834,PROD-000423,1,42.83,0.05
LINE-0002047,ORD-000834,PROD-000290,1,233.92,0.1
LINE-0002048,ORD-000835,PROD-000428,1,112.47,0.25
LINE-0002049,ORD-000836,PROD-000303,1,46.63,0.15
LINE-0002050,ORD-000836,PROD-000478,3,155.28,0.05
LINE-0002051,ORD-000837,PROD-000112,4,330.17,0.1
LINE-0002052,ORD-000837,PROD-000397,1,113.12,0.1
LINE-0002053,ORD-000837,PROD-000307,1,206.66,0.15
LINE-0002054,ORD-000837,PROD-000029,2,157.64,0.0
LINE-0002055,ORD-000838,PROD-000536,2,19.02,0.0
LINE-0002056,ORD-000838,PROD-000411,1,88.89,0.15
LINE-0002057,ORD-000839,PROD-000124,2,372.72,0.0
LINE-0002058,ORD-000839,PROD-000033,1,761.65,0.2
LINE-0002059,ORD-000840,PROD-000478,2,155.28,0.2
LINE-0002060,ORD-000840,PROD-000041,1,1349.37,0.2
LINE-0002061,ORD-000841,PROD-000064,1,177.73,0.1
LINE-0002062,ORD-000841,PROD-000019,1,1013.04,0.1
LINE-0002063,ORD-000841,PROD-000188,2,52.43,0.15
LINE-0002064,ORD-000842,PROD-000232,1,156.11,0.0
LINE-0002065,ORD-000843,PROD-000043,2,29.75,0.25
LINE-0002066,ORD-000843,PROD-000345,2,118.22,0.1
LINE-0002067,ORD-000844,PROD-000494,2,0.0,0.0
LINE-0002068,ORD-000844,PROD-000275,1,184.54,0.15
LINE-0002069,ORD-000845,PROD-000248,1,41.84,0.15
LINE-0002070,ORD-000845,PROD-000015,1,841.49,0.0
LINE-0002071,ORD-000845,PROD-000156,2,251.59,0.0
LINE-0002072,ORD-000845,PROD-000465,4,109.8,0.0
LINE-0002073,ORD-000846,PROD-000048,1,896.66,0.2
LINE-0002074,ORD-000846,PROD-000361,3,81.85,0.2
LINE-0002075,ORD-000847,PROD-000372,1,113.32,0.05
LINE-0002076,ORD-000848,PROD-990969,1,99.79,0.2
LINE-0002077,ORD-000849,PROD-000102,1,292.18,0.25
LINE-0002078,ORD-000849,PROD-000274,2,143.12,0.1
LINE-0002079,ORD-000849,PROD-000201,1,223.57,0.2
LINE-0002080,ORD-000850,PROD-000054,1,121.88,0.0
LINE-0002081,ORD-000850,PROD-000523,2,116.82,0.25
LINE-0002082,ORD-000850,PROD-000500,1,98.51,0.0
LINE-0002083,ORD-000850,PROD-000020,1,833.49,0.2
LINE-0002084,ORD-000851,PROD-000032,1,239.97,0.0
LINE-0002085,ORD-000852,PROD-000445,1,96.62,0.0
LINE-0002086,ORD-000852,PROD-000389,1,99.07,0.0
LINE-0002087,ORD-000853,PROD-000285,1,54.06,0.1
LINE-0002088,ORD-000853,PROD-000310,2,61.95,0.1
LINE-0002089,ORD-000854,PROD-000045,1,910.98,0.25
LINE-0002090,ORD-000854,PROD-000410,2,111.99,0.1
LINE-0002091,ORD-000855,PROD-000440,1,11.44,0.0
LINE-0002092,ORD-000855,PROD-000418,1,110.42,0.1
LINE-0002093,ORD-000855,PROD-000391,1,46.23,0.0
LINE-0002094,ORD-000856,PROD-000148,1,244.31,0.15
LINE-0002095,ORD-000856,PROD-000132,1,274.51,0.2
LINE-0002096,ORD-000856,PROD-000122,1,388.89,0.25
LINE-0002097,ORD-000856,PROD-000339,4,71.56,0.0
LINE-0002098,ORD-000857,PROD-000443,3,35.06,0.0
LINE-0002099,ORD-000857,PROD-000187,1,408.36,0.0
LINE-0002100,ORD-000857,PROD-000193,2,321.6,0.0
LINE-0002101,ORD-000858,PROD-000247,2,222.1,0.25
LINE-0002102,ORD-000858,PROD-000225,3,46.97,0.0
LINE-0002103,ORD-000858,PROD-000309,-1,159.95,0.1
LINE-0002104,ORD-000859,PROD-000322,1,19.91,0.1
LINE-0002105,ORD-000859,PROD-000500,1,98.51,0.15
LINE-0002106,ORD-000859,PROD-000406,1,21.87,0.15
LINE-0002107,ORD-000859,PROD-000318,1,220.88,0.05
LINE-0002108,ORD-000860,PROD-000342,3,40.18,0.05
LINE-0002109,ORD-000860,PROD-000178,4,209.75,0.15
LINE-0002110,ORD-000860,PROD-000101,1,831.86,0.0
LINE-0002111,ORD-000860,PROD-000243,1,112.83,0.25
LINE-0002112,ORD-000861,PROD-000143,1,402.73,0.1
LINE-0002113,ORD-000862,PROD-000364,1,17.2,0.0
LINE-0002114,ORD-000862,PROD-000229,2,43.74,0.0
LINE-0002115,ORD-000862,PROD-000107,1,1182.28,0.0
LINE-0002116,ORD-000863,PROD-000411,-5,88.89,0.0
LINE-0002117,ORD-000863,PROD-000133,5,386.44,0.0
LINE-0002118,ORD-000864,PROD-000492,2,49.02,0.05
LINE-0002119,ORD-000865,PROD-000483,2,141.02,0.0
LINE-0002120,ORD-000865,PROD-000515,1,39.01,0.2
LINE-0002121,ORD-000866,PROD-000258,1,25.58,0.15
LINE-0002122,ORD-000866,PROD-000362,1,29.44,0.15
LINE-0002123,ORD-000866,PROD-000336,2,14.85,0.0
LINE-0002124,ORD-000867,PROD-000320,1,42.79,0.15
LINE-0002125,ORD-000867,PROD-000178,3,209.75,0.0
LINE-0002126,ORD-000868,PROD-000106,1,643.84,0.15
LINE-0002127,ORD-000868,PROD-000423,1,42.83,0.25
LINE-0002128,ORD-000868,PROD-000121,1,64.95,0.15
LINE-0002129,ORD-000869,PROD-000468,5,82.53,0.0
LINE-0002130,ORD-000870,PROD-000352,1,115.09,0.0
LINE-0002131,ORD-000871,PROD-000379,1,57.61,0.1
LINE-0002132,ORD-000872,PROD-000271,1,122.91,0.25
LINE-0002133,ORD-000873,PROD-000322,2,19.91,0.15
LINE-0002134,ORD-000873,PROD-000283,5,87.19,0.05
LINE-0002135,ORD-000873,PROD-000491,1,18.21,0.15
LINE-0000036,ORD-000873,PROD-000241,0,246.15,0.0
LINE-0002137,ORD-000874,PROD-000456,1,72.0,0.0
LINE-0002138,ORD-000874,PROD-000550,2,116.36,0.25
LINE-0002139,ORD-000874,PROD-000310,1,61.95,0.0
LINE-0002140,ORD-000875,PROD-000315,1,165.68,0.1
LINE-0002141,ORD-000875,PROD-000479,2,70.07,0.1
LINE-0002142,ORD-000875,PROD-000209,1,140.44,0.05
LINE-0002143,ORD-000876,PROD-000349,1,42.44,0.05
LINE-0002144,ORD-000877,PROD-000531,3,60.65,0.0
LINE-0002145,ORD-000877,PROD-000032,5,239.97,0.05
LINE-0002146,ORD-000877,PROD-000233,1,125.03,0.2
LINE-0002147,ORD-000877,PROD-000204,2,495.22,0.0
LINE-0002148,ORD-000878,PROD-000210,2,454.42,0.05
LINE-0002149,ORD-000879,PROD-000445,1,96.62,0.25
LINE-0002150,ORD-000879,PROD-000039,3,172.76,0.0
LINE-0002151,ORD-000880,PROD-000369,1,16.81,0.0
LINE-0002152,ORD-000881,PROD-000495,2,22.97,0.2
LINE-0002153,ORD-000881,PROD-000206,1,41.44,0.0
LINE-0002154,ORD-000881,PROD-000010,1,127.42,0.15
LINE-0002155,ORD-000881,PROD-000300,1,86.7,0.0
LINE-0002156,ORD-000882,PROD-000190,1,33.12,0.1
LINE-0002157,ORD-000882,PROD-000128,3,321.05,0.2
LINE-0002158,ORD-000882,PROD-000463,5,163.07,0.15
LINE-0002159,ORD-000883,PROD-000343,1,110.01,0.25
LINE-0002160,ORD-000883,PROD-000237,1,196.84,0.0
LINE-0002161,ORD-000884,PROD-000533,1,138.26,0.0
LINE-0002162,ORD-000885,PROD-000443,1,35.06,0.1
LINE-0002163,ORD-000885,PROD-000498,1,45.16,0.1
LINE-0002164,ORD-000885,PROD-000197,3,55.02,0.2
LINE-0002165,ORD-000886,PROD-000092,2,378.23,0.0
LINE-0002166,ORD-000886,PROD-000499,1,90.57,0.2
LINE-0002167,ORD-000886,PROD-000461,1,12.31,0.0
LINE-0002168,ORD-000886,PROD-000395,2,81.33,0.1
LINE-0002169,ORD-000887,PROD-000219,1,139.96,0.0
LINE-0002170,ORD-000887,PROD-000413,1,60.66,0.1
LINE-0002171,ORD-000888,PROD-000448,1,45.04,0.0
LINE-0002172,ORD-000888,PROD-000275,1,184.54,0.0
LINE-0002173,ORD-000888,PROD-000357,1,101.31,0.0
LINE-0002174,ORD-000888,PROD-000054,2,121.88,0.0
LINE-0002175,ORD-000889,PROD-000500,1,98.51,0.05
LINE-0002176,ORD-000889,PROD-000239,2,179.72,0.15
LINE-0002177,ORD-000889,PROD-000018,1,292.3,0.0
LINE-0002178,ORD-000890,PROD-000090,3,725.29,0.2
LINE-0002179,ORD-000891,PROD-000302,1,175.06,0.2
LINE-0002180,ORD-000891,PROD-000178,1,209.75,0.1
LINE-0002181,ORD-000891,PROD-000309,1,159.95,0.1
LINE-0002182,ORD-000892,PROD-000387,1,76.84,0.15
LINE-0002183,ORD-000892,PROD-000456,1,72.0,0.15
LINE-0002184,ORD-000892,PROD-000178,2,209.75,0.0
LINE-0002185,ORD-000892,PROD-000511,1,124.59,0.0
LINE-0002186,ORD-000893,PROD-000188,1,52.43,0.0
LINE-0002187,ORD-000894,PROD-000459,1,103.18,0.25
LINE-0002188,ORD-000895,PROD-000143,2,402.73,0.1
LINE-0002189,ORD-000896,PROD-000471,3,179.6,0.25
LINE-0002190,ORD-000896,PROD-000085,2,735.76,0.0
LINE-0002191,ORD-000897,PROD-000550,2,116.36,0.15
LINE-0002192,ORD-000897,PROD-000314,2,154.58,0.0
LINE-0002193,ORD-000897,PROD-000275,2,184.54,0.1
LINE-0002194,ORD-000898,PROD-000443,1,35.06,0.0
LINE-0002195,ORD-000898,PROD-000517,2,104.59,0.2
LINE-0002196,ORD-000899,PROD-000086,2,1346.85,0.0
LINE-0002197,ORD-000900,PROD-000031,1,836.35,0.15
LINE-0002198,ORD-000900,PROD-000219,2,139.96,0.2
LINE-0002199,ORD-000901,PROD-000085,1,735.76,0.05
LINE-0002200,ORD-000902,PROD-000083,1,764.68,0.0
LINE-0002201,ORD-000902,PROD-000289,1,21.18,0.0
LINE-0002202,ORD-000902,PROD-000352,2,115.09,0.0
LINE-0002203,ORD-000902,PROD-000012,3,997.86,0.25
LINE-0002204,ORD-000903,PROD-000049,1,102.74,0.2
LINE-0002205,ORD-000903,PROD-000387,1,76.84,0.2
LINE-0002206,ORD-000903,PROD-000331,1,49.72,0.05
LINE-0002207,ORD-000903,PROD-000155,1,318.18,0.05
LINE-0002208,ORD-000904,PROD-000094,5,1434.54,0.0
LINE-0002209,ORD-000904,PROD-000328,1,55.2,0.25
LINE-0002210,ORD-000904,PROD-000525,1,15.34,0.0
LINE-0002211,ORD-000905,PROD-000204,1,495.22,0.0
LINE-0002212,ORD-000905,PROD-000132,5,274.51,0.0
LINE-0002213,ORD-000905,PROD-000412,1,12.55,0.0
LINE-0002214,ORD-000906,PROD-000083,2,764.68,0.05
LINE-0002215,ORD-000906,PROD-000011,1,917.71,0.0
LINE-0002216,ORD-000907,PROD-000322,1,19.91,2.0
LINE-0002217,ORD-000907,PROD-000140,2,24.4,0.05
LINE-0002218,ORD-000907,PROD-000330,1,186.08,0.2
LINE-0002219,ORD-000907,PROD-000365,2,37.65,0.0
LINE-0002220,ORD-000908,PROD-000343,1,110.01,0.0
LINE-0002221,ORD-000909,PROD-000044,2,781.51,0.1
LINE-0002222,ORD-000910,PROD-000064,2,177.73,0.05
LINE-0002223,ORD-000910,PROD-000141,2,151.82,0.25
LINE-0002224,ORD-000910,PROD-000314,1,154.58,0.05
LINE-0002225,ORD-000911,PROD-000073,2,1092.24,0.2
LINE-0002226,ORD-000911,PROD-000359,5,11.62,0.2
LINE-0002227,ORD-000911,PROD-000517,1,104.59,0.0
LINE-0002228,ORD-000911,PROD-000215,1,57.68,0.25
LINE-0002229,ORD-000912,PROD-000228,3,189.57,0.15
LINE-0002230,ORD-000913,PROD-000257,1,159.69,0.0
LINE-0002231,ORD-000913,PROD-000219,2,139.96,0.0
LINE-0002232,ORD-000913,PROD-000369,2,16.81,0.15
LINE-0002233,ORD-000913,PROD-000253,1,40.42,0.15
LINE-0002234,ORD-000914,PROD-000095,2,733.78,0.05
LINE-0002235,ORD-000914,PROD-000383,2,98.58,0.0
LINE-0002236,ORD-000914,PROD-000306,1,194.88,0.15
LINE-0002237,ORD-000914,PROD-000470,3,59.9,0.2
LINE-0002238,ORD-000915,PROD-000251,1,169.13,0.15
LINE-0002239,ORD-000915,PROD-000508,1,48.04,0.0
LINE-0002240,ORD-000915,PROD-000195,3,369.81,0.0
LINE-0002241,ORD-000915,PROD-000373,1,99.15,0.2
LINE-0002242,ORD-000916,PROD-000258,3,25.58,0.0
LINE-0002243,ORD-000916,PROD-000410,1,111.99,0.05
LINE-0002244,ORD-000916,PROD-000044,1,781.51,0.25
LINE-0002245,ORD-000917,PROD-000191,1,177.17,0.2
LINE-0002246,ORD-000917,PROD-000476,2,20.04,0.2
LINE-0002247,ORD-000917,PROD-000029,2,157.64,0.2
LINE-0002248,ORD-000917,PROD-000166,3,325.83,0.0
LINE-0002249,ORD-000918,PROD-000261,5,178.71,0.0
LINE-0002250,ORD-000918,PROD-000310,2,61.95,0.2
LINE-0002251,ORD-000918,PROD-000186,2,90.7,0.1
LINE-0002252,ORD-000919,PROD-000072,1,150.44,0.0
LINE-0002253,ORD-000919,PROD-990329,4,71.02,0.0
LINE-0002254,ORD-000919,PROD-000080,2,1094.68,0.25
LINE-0002255,ORD-000920,PROD-000214,3,488.65,0.2
LINE-0002256,ORD-000920,PROD-000350,-5,87.31,0.1
LINE-0002257,ORD-000920,PROD-000314,1,154.58,0.0
LINE-0002258,ORD-000921,PROD-000130,2,405.27,0.0
LINE-0002259,ORD-000921,PROD-000039,1,172.76,0.0
LINE-0002260,ORD-000921,PROD-000198,1,56.25,0.25
LINE-0002261,ORD-000922,PROD-000009,5,1086.01,0.0
LINE-0002262,ORD-000922,PROD-990411,1,198.69,0.25
LINE-0002263,ORD-000923,PROD-000218,1,129.55,0.0
LINE-0002264,ORD-000923,PROD-000440,1,11.44,0.1
LINE-0002265,ORD-000923,PROD-000140,1,24.4,0.1
LINE-0002266,ORD-000923,PROD-000530,2,17.09,0.1
LINE-0002267,ORD-000924,PROD-000121,4,64.95,0.05
LINE-0002268,ORD-000924,PROD-000550,5,116.36,0.0
LINE-0002269,ORD-000924,PROD-000241,2,246.15,0.2
LINE-0002270,ORD-000924,PROD-000332,2,21.55,0.0
LINE-0002271,ORD-000925,PROD-000516,1,108.78,0.0
LINE-0002272,ORD-000925,PROD-000419,3,90.41,0.0
LINE-0002273,ORD-000925,PROD-000273,1,176.37,0.1
LINE-0002274,ORD-000925,PROD-000004,1,815.87,0.25
LINE-0000025,ORD-000926,PROD-000335,5,82.66,0.05
LINE-0002276,ORD-000926,PROD-000367,3,21.03,0.15
LINE-0002277,ORD-000926,PROD-000117,1,331.7,0.25
LINE-0002278,ORD-000927,PROD-000511,2,124.59,0.25
LINE-0002279,ORD-000927,PROD-000129,1,325.16,0.1
LINE-0002280,ORD-000928,PROD-000022,1,990.09,9.99
LINE-0002281,ORD-000928,PROD-000443,1,35.06,0.0
LINE-0002282,ORD-000929,PROD-000285,1,54.06,0.05
LINE-0002283,ORD-000929,PROD-000036,1,735.58,0.0
LINE-0002284,ORD-000929,PROD-000212,1,473.4,0.25
LINE-0002285,ORD-000929,PROD-000320,1,42.79,0.05
LINE-0002286,ORD-000930,PROD-000461,1,12.31,0.05
LINE-0002287,ORD-000930,PROD-000375,4,84.67,0.05
LINE-0002288,ORD-000930,PROD-000533,2,138.26,0.2
LINE-0002289,ORD-000930,PROD-000233,3,125.03,0.1
LINE-0002290,ORD-000931,PROD-000469,1,103.87,0.05
LINE-0002291,ORD-000931,PROD-000015,2,841.49,0.0
LINE-0002292,ORD-000931,PROD-000263,3,225.65,0.0
LINE-0002293,ORD-000931,PROD-000099,1,786.93,0.0
LINE-0002294,ORD-000932,PROD-000202,1,215.58,0.0
LINE-0002295,ORD-000932,PROD-000533,1,138.26,0.0
LINE-0002296,ORD-000932,PROD-000437,1,39.62,0.0
LINE-0002297,ORD-000933,PROD-000139,1,314.59,0.0
LINE-0002298,ORD-000933,PROD-000365,1,37.65,0.1
LINE-0002299,ORD-000933,PROD-000278,1,198.69,0.0
LINE-0002300,ORD-000933,PROD-000174,2,366.7,0.0
LINE-0002301,ORD-000934,PROD-000090,1,725.29,0.15
LINE-0002302,ORD-000934,PROD-000036,1,735.58,0.25
LINE-0002303,ORD-000935,PROD-000140,2,24.4,0.0
LINE-0002304,ORD-000935,PROD-000008,1,660.87,0.0
LINE-0002305,ORD-000935,PROD-000282,1,156.35,0.0
LINE-0002306,ORD-000935,PROD-000294,1,49.9,0.25
LINE-0002307,ORD-000936,PROD-000105,1,1287.33,0.1
LINE-0002308,ORD-000936,PROD-000225,1,46.97,0.15
LINE-0002309,ORD-000936,PROD-000167,1,469.82,0.05
LINE-0002310,ORD-000937,PROD-000062,1,824.71,0.25
LINE-0002311,ORD-000938,PROD-000104,5,358.27,0.25
LINE-0002312,ORD-000938,PROD-000150,4,248.39,0.0
LINE-0002313,ORD-000938,PROD-000291,1,223.67,0.25
LINE-0002314,ORD-000939,PROD-000407,1,55.51,0.2
LINE-0002315,ORD-000939,PROD-000267,1,156.13,0.05
LINE-0002316,ORD-000940,PROD-000186,3,90.7,0.0
LINE-0002317,ORD-000940,PROD-000390,3,72.92,0.25
LINE-0002318,ORD-000941,PROD-000150,1,248.39,0.0
LINE-0002319,ORD-000941,PROD-000194,1,288.97,0.1
LINE-0002320,ORD-000941,PROD-000304,1,178.65,0.05
LINE-0002321,ORD-000942,PROD-000437,3,39.62,0.0
LINE-0002322,ORD-000942,PROD-000105,3,1287.33,0.0
LINE-0002323,ORD-000943,PROD-000202,1,215.58,0.1
LINE-0002324,ORD-000944,PROD-000547,2,167.73,0.05
LINE-0002325,ORD-000944,PROD-000449,1,80.84,0.0
LINE-0002326,ORD-000944,PROD-000104,2,358.27,0.25
LINE-0002327,ORD-000944,PROD-000398,4,64.48,0.0
LINE-0002328,ORD-000945,PROD-000416,1,61.55,0.0
LINE-0002329,ORD-000945,PROD-000468,1,82.53,0.0
LINE-0002330,ORD-000946,PROD-000036,2,735.58,0.15
LINE-0002331,ORD-000946,PROD-000033,1,761.65,0.05
LINE-0002332,ORD-000947,PROD-000432,3,34.01,0.05
LINE-0002333,ORD-000947,PROD-000141,1,151.82,0.2
LINE-0002334,ORD-000947,PROD-000073,3,1092.24,0.0
LINE-0002335,ORD-000947,PROD-000377,1,28.59,0.0
LINE-0002336,ORD-000948,PROD-000485,1,101.1,0.0
LINE-0002337,ORD-000948,PROD-000496,1,46.38,0.0
LINE-0002338,ORD-000948,PROD-000328,1,55.2,0.0
LINE-0002339,ORD-000949,PROD-000255,1,222.13,0.0
LINE-0002340,ORD-000949,PROD-000142,2,0.0,0.25
LINE-0002341,ORD-000949,PROD-000349,1,42.44,0.05
LINE-0002342,ORD-000949,PROD-000013,1,598.66,0.25
LINE-0002343,ORD-000950,PROD-000199,1,111.07,0.0
LINE-0002344,ORD-000951,PROD-000179,1,467.75,0.05
LINE-0002345,ORD-000951,PROD-000168,3,107.92,0.2
LINE-0002346,ORD-000951,PROD-000098,4,68.18,0.0
LINE-0002347,ORD-000951,PROD-000114,1,153.95,0.25
LINE-0002348,ORD-000952,PROD-000407,2,55.51,0.25
LINE-0002349,ORD-000953,PROD-000195,2,369.81,0.0
LINE-0002350,ORD-000953,PROD-000125,5,97.73,1.5
LINE-0002351,ORD-000954,PROD-000294,1,49.9,0.25
LINE-0002352,ORD-000954,PROD-000425,-5,60.53,0.0
LINE-0002353,ORD-000954,PROD-000117,1,331.7,0.0
LINE-0002354,ORD-000955,PROD-000494,3,0.0,0.0
LINE-0002355,ORD-000956,PROD-000269,2,146.12,0.0
LINE-0002356,ORD-000956,PROD-000321,1,179.54,0.0
LINE-0002357,ORD-000956,PROD-000256,1,117.44,0.05
LINE-0002358,ORD-000956,PROD-000424,2,60.47,0.1
LINE-0002359,ORD-000957,PROD-000137,3,146.84,0.0
LINE-0002360,ORD-000957,PROD-000193,1,321.6,0.0
LINE-0002361,ORD-000957,PROD-000377,2,28.59,0.2
LINE-0002362,ORD-000958,PROD-000150,1,248.39,0.15
LINE-0002363,ORD-000959,PROD-000224,1,60.55,0.0
LINE-0002364,ORD-000959,PROD-000284,1,68.94,0.0
LINE-0002365,ORD-000960,PROD-000286,2,132.67,0.1
LINE-0002366,ORD-000961,PROD-000494,5,0.0,0.05
LINE-0002367,ORD-000961,PROD-000189,1,451.02,0.0
LINE-0002368,ORD-000961,PROD-000392,1,50.05,0.2
LINE-0002369,ORD-000961,PROD-000024,1,858.95,0.15
LINE-0002370,ORD-000962,PROD-000099,1,786.93,0.25
LINE-0002371,ORD-000962,PROD-000236,1,159.05,0.2
LINE-0002372,ORD-000962,PROD-000136,1,53.41,0.0
LINE-0002373,ORD-000963,PROD-000315,1,165.68,0.15
LINE-0002374,ORD-000963,PROD-000025,1,384.33,0.15
LINE-0002375,ORD-000963,PROD-000140,-2,24.4,0.15
LINE-0002376,ORD-000963,PROD-000284,2,68.94,0.0
LINE-0002377,ORD-000964,PROD-000038,1,715.11,0.15
LINE-0002378,ORD-000964,PROD-000137,2,146.84,0.0
LINE-0002379,ORD-000964,PROD-000111,4,73.79,0.0
LINE-0002380,ORD-000964,PROD-000116,2,454.92,0.2
LINE-0002381,ORD-000965,PROD-000300,1,86.7,0.2
LINE-0002382,ORD-000965,PROD-000431,1,68.89,0.2
LINE-0002383,ORD-000965,PROD-000267,2,156.13,0.0
LINE-0002384,ORD-000965,PROD-000499,1,90.57,0.05
LINE-0002385,ORD-000966,PROD-000396,1,31.87,0.1
LINE-0002386,ORD-000966,PROD-000062,1,824.71,1.5
LINE-0002387,ORD-000966,PROD-000010,1,127.42,0.25
LINE-0002388,ORD-000966,PROD-000521,1,35.54,0.1
LINE-0002389,ORD-000967,PROD-000532,2,118.36,0.05
LINE-0002390,ORD-000968,PROD-000093,1,935.51,0.1
LINE-0002391,ORD-000968,PROD-000115,1,465.34,0.0
LINE-0002392,ORD-000968,PROD-000034,3,0.0,0.0
LINE-0002393,ORD-000968,PROD-000511,1,124.59,0.2
LINE-0002394,ORD-000969,PROD-000045,2,910.98,0.05
LINE-0002395,ORD-000969,PROD-000052,1,627.92,0.2
LINE-0002396,ORD-000969,PROD-000421,1,18.21,0.0
LINE-0002397,ORD-000970,PROD-000341,4,18.15,0.1
LINE-0002398,ORD-000970,PROD-000241,1,246.15,0.1
LINE-0002399,ORD-000971,PROD-000284,1,68.94,0.0
LINE-0002400,ORD-000971,PROD-000468,4,82.53,0.0
LINE-0002401,ORD-000971,PROD-000041,2,1349.37,0.05
LINE-0002402,ORD-000971,PROD-000525,2,15.34,0.2
LINE-0002403,ORD-000972,PROD-000288,1,195.24,0.0
LINE-0002404,ORD-000972,PROD-000450,1,184.87,0.0
LINE-0002405,ORD-000972,PROD-000196,2,58.68,0.0
LINE-0002406,ORD-000973,PROD-000174,1,366.7,0.05
LINE-0002407,ORD-000974,PROD-000155,1,318.18,0.0
LINE-0002408,ORD-000974,PROD-000015,2,841.49,0.05
LINE-0002409,ORD-000974,PROD-000375,1,84.67,0.05
LINE-0002410,ORD-000974,PROD-000344,1,95.85,0.0
LINE-0002411,ORD-000975,PROD-000022,1,990.09,0.0
LINE-0002412,ORD-000976,PROD-000260,1,248.5,0.05
LINE-0002413,ORD-000976,PROD-000306,2,194.88,0.0
LINE-0002414,ORD-000976,PROD-000420,3,98.87,0.0
LINE-0002415,ORD-000976,PROD-000473,1,120.39,0.0
LINE-0002416,ORD-000977,PROD-000127,1,485.22,0.1
LINE-0002417,ORD-000978,PROD-000423,1,42.83,0.0
LINE-0002418,ORD-000979,PROD-000097,1,1130.24,0.2
LINE-0002419,ORD-000980,PROD-000246,1,89.32,0.25
LINE-0002420,ORD-000980,PROD-000145,4,278.44,0.05
LINE-0002421,ORD-000981,PROD-000479,1,70.07,0.15
LINE-0002422,ORD-000981,PROD-000046,1,187.73,0.1
LINE-0002423,ORD-000981,PROD-000405,5,14.81,0.0
LINE-0002424,ORD-000981,PROD-000010,1,127.42,0.2
LINE-0002425,ORD-000982,PROD-000271,4,122.91,0.0
LINE-0002426,ORD-000982,PROD-000405,1,14.81,0.0
LINE-0002427,ORD-000982,PROD-000256,1,117.44,0.1
LINE-0002428,ORD-000982,PROD-000042,4,620.64,0.05
LINE-0002429,ORD-000983,PROD-000452,1,144.03,0.0
LINE-0002430,ORD-000983,PROD-000124,1,372.72,0.05
LINE-0002431,ORD-000984,PROD-000086,1,1346.85,0.15
LINE-0002432,ORD-000984,PROD-000101,2,831.86,0.0
LINE-0002433,ORD-000984,PROD-000544,2,163.69,0.15
LINE-0002434,ORD-000984,PROD-000090,1,725.29,0.1
LINE-0002435,ORD-000985,PROD-000522,2,103.2,0.0
LINE-0002436,ORD-000985,PROD-000147,2,497.34,0.0
LINE-0002437,ORD-000985,PROD-000324,1,53.68,0.05
LINE-0002438,ORD-000986,PROD-000013,1,598.66,0.05
LINE-0002439,ORD-000986,PROD-000072,1,150.44,0.15
LINE-0002440,ORD-000986,PROD-000379,1,57.61,0.05
LINE-0002441,ORD-000987,PROD-000430,-5,71.02,0.25
LINE-0002442,ORD-000987,PROD-000428,1,112.47,0.15
LINE-0002443,ORD-000987,PROD-000031,1,836.35,0.2
LINE-0002444,ORD-000988,PROD-000298,1,227.02,0.2
LINE-0002445,ORD-000988,PROD-000287,2,231.85,0.25
LINE-0002446,ORD-000988,PROD-000422,1,41.82,0.0
LINE-0002447,ORD-000989,PROD-000100,5,581.54,0.0
LINE-0002448,ORD-000990,PROD-000281,4,212.17,0.0
LINE-0002449,ORD-000990,PROD-000017,2,144.94,0.0
LINE-0002450,ORD-000991,PROD-000144,5,424.11,0.25
LINE-0002451,ORD-000991,PROD-000233,3,125.03,0.1
LINE-0002452,ORD-000992,PROD-000156,1,251.59,0.2
LINE-0002453,ORD-000993,PROD-000035,2,680.4,0.0
LINE-0002454,ORD-000993,PROD-000362,1,29.44,0.25
LINE-0002455,ORD-000994,PROD-000340,2,14.72,0.05
LINE-0002456,ORD-000994,PROD-000142,1,0.0,0.15
LINE-0002457,ORD-000994,PROD-000487,1,164.76,0.05
LINE-0002458,ORD-000995,PROD-000327,1,45.09,0.25
LINE-0002459,ORD-000995,PROD-000167,4,469.82,0.0
LINE-0002460,ORD-000995,PROD-000233,1,125.03,0.0
LINE-0002461,ORD-000995,PROD-000360,1,22.51,0.1
LINE-0002462,ORD-000996,PROD-000167,1,469.82,0.0
LINE-0002463,ORD-000997,PROD-000347,1,27.56,0.0
LINE-0002464,ORD-000997,PROD-000112,3,330.17,0.2
LINE-0002465,ORD-000998,PROD-000185,2,291.76,0.15
LINE-0002466,ORD-000999,PROD-000019,1,1013.04,0.0
LINE-0002467,ORD-000999,PROD-000301,1,43.8,0.0
LINE-0002468,ORD-000999,PROD-000415,1,103.9,0.0
LINE-0002469,ORD-001000,PROD-000181,1,279.62,0.2
LINE-0002470,ORD-001000,PROD-000230,3,147.17,0.2
LINE-0002471,ORD-001000,PROD-000057,2,1133.52,0.0
LINE-0002472,ORD-001000,PROD-000278,1,198.69,0.0
LINE-0002473,ORD-001001,PROD-000133,2,386.44,0.05
LINE-0002474,ORD-001002,PROD-000478,1,155.28,0.0
LINE-0002475,ORD-001002,PROD-000091,2,1030.99,0.0
LINE-0002476,ORD-001003,PROD-000210,1,454.42,0.2
LINE-0002477,ORD-001003,PROD-000133,2,386.44,0.0
LINE-0002478,ORD-001004,PROD-000094,1,1434.54,0.1
LINE-0002479,ORD-001004,PROD-000131,4,162.22,0.15
LINE-0002480,ORD-001004,PROD-000031,1,836.35,0.0
LINE-0002481,ORD-001005,PROD-000447,1,17.81,0.1
LINE-0002482,ORD-001005,PROD-000453,1,161.91,0.1
LINE-0002483,ORD-001005,PROD-000340,1,14.72,0.2
LINE-0002484,ORD-001005,PROD-000235,1,247.2,0.0
LINE-0002485,ORD-001006,PROD-000186,2,90.7,0.2
LINE-0002486,ORD-001006,PROD-000150,2,248.39,0.05
LINE-0002487,ORD-001006,PROD-000458,1,171.39,0.1
LINE-0002488,ORD-001007,PROD-000026,2,-18.13,0.05
LINE-0002489,ORD-001007,PROD-000112,2,330.17,0.0
LINE-0002490,ORD-001007,PROD-000093,1,935.51,0.15
LINE-0002491,ORD-001007,PROD-000348,1,-75.18,0.25
LINE-0002492,ORD-001008,PROD-000324,1,53.68,0.0
LINE-0002493,ORD-001008,PROD-000512,1,155.91,0.1
LINE-0002494,ORD-001009,PROD-000366,2,117.71,0.0
LINE-0002495,ORD-001009,PROD-000439,4,47.47,0.25
LINE-0002496,ORD-001010,PROD-990823,2,355.73,0.0
LINE-0002497,ORD-001010,PROD-000171,1,403.48,0.25
LINE-0002498,ORD-001010,PROD-000333,2,67.42,0.0
LINE-0002499,ORD-001010,PROD-000106,2,643.84,0.2
LINE-0002500,ORD-001011,PROD-000004,1,815.87,0.2
LINE-0002501,ORD-001011,PROD-000530,3,17.09,0.15
LINE-0002502,ORD-001011,PROD-000409,1,17.15,0.2
LINE-0002503,ORD-001011,PROD-000436,1,17.89,0.0
LINE-0002504,ORD-001012,PROD-000290,1,233.92,0.25
LINE-0002505,ORD-001012,PROD-000080,1,1094.68,0.2
LINE-0002506,ORD-001013,PROD-000531,3,60.65,0.25
LINE-0002507,ORD-001013,PROD-000284,1,68.94,0.0
LINE-0002508,ORD-001013,PROD-000308,1,200.69,0.0
LINE-0002509,ORD-001013,PROD-000493,1,37.65,0.0
LINE-0002510,ORD-001014,PROD-000378,1,52.29,0.0
LINE-0002511,ORD-001014,PROD-000016,1,139.07,0.2
LINE-0002512,ORD-001015,PROD-000531,1,60.65,0.1
LINE-0002513,ORD-001016,PROD-000316,2,163.58,0.15
LINE-0002514,ORD-001016,PROD-000153,1,296.81,0.1
LINE-0002515,ORD-001016,PROD-000131,2,162.22,0.05
LINE-0002516,ORD-001016,PROD-000246,1,89.32,0.1
LINE-0002517,ORD-001017,PROD-000322,2,19.91,0.2
LINE-0002518,ORD-001018,PROD-000160,3,148.52,0.15
LINE-0002519,ORD-001018,PROD-000116,1,454.92,0.2
LINE-0002520,ORD-001018,PROD-000158,1,250.36,0.1
LINE-0002521,ORD-001018,PROD-000091,4,1030.99,0.15
LINE-0002522,ORD-001019,PROD-000373,1,99.15,0.0
LINE-0002523,ORD-001019,PROD-000269,2,146.12,0.0
LINE-0002524,ORD-001020,PROD-000291,1,223.67,0.0
LINE-0002525,ORD-001020,PROD-000297,1,224.4,0.25
LINE-0002526,ORD-001020,PROD-000093,1,935.51,0.05
LINE-0002527,ORD-001020,PROD-000129,3,325.16,0.0
LINE-0002528,ORD-001021,PROD-000483,1,141.02,1.5
LINE-0002529,ORD-001021,PROD-000261,2,178.71,0.2
LINE-0002530,ORD-001022,PROD-000322,2,19.91,0.15
LINE-0002531,ORD-001022,PROD-000236,1,159.05,0.1
LINE-0002532,ORD-001023,PROD-000068,1,1064.12,0.1
LINE-0002533,ORD-001023,PROD-000549,1,31.57,0.2
LINE-0002534,ORD-001024,PROD-000422,1,41.82,0.2
LINE-0002535,ORD-001025,PROD-000019,2,1013.04,0.0
LINE-0002536,ORD-001025,PROD-000363,1,56.39,0.0
LINE-0002537,ORD-001025,PROD-000103,1,612.87,0.0
LINE-0002538,ORD-001026,PROD-000168,2,107.92,0.15
LINE-0002539,ORD-001027,PROD-000205,2,128.23,0.0
LINE-0002540,ORD-001027,PROD-000293,1,78.2,0.05
LINE-0002541,ORD-001027,PROD-000086,2,1346.85,0.0
LINE-0002542,ORD-001028,PROD-000419,1,90.41,0.0
LINE-0002543,ORD-001029,PROD-000549,2,31.57,0.05
LINE-0002544,ORD-001029,PROD-000442,1,142.39,0.25
LINE-0002545,ORD-001029,PROD-000005,1,247.55,0.0
LINE-0002546,ORD-001030,PROD-000526,1,15.1,0.2
LINE-0002547,ORD-001031,PROD-000060,2,1157.62,0.05
LINE-0002548,ORD-001032,PROD-000065,2,813.43,0.0
LINE-0002549,ORD-001032,PROD-000211,1,-46.63,0.25
LINE-0002550,ORD-001033,PROD-000084,3,816.09,0.0
LINE-0002551,ORD-001034,PROD-000034,3,0.0,0.1
LINE-0002552,ORD-001034,PROD-000014,1,461.11,0.25
LINE-0002553,ORD-001034,PROD-000219,2,139.96,0.0
LINE-0002554,ORD-001035,PROD-000112,1,330.17,0.0
LINE-0002555,ORD-001035,PROD-000517,5,104.59,0.25
LINE-0002556,ORD-001036,PROD-000047,1,977.93,0.15
LINE-0002557,ORD-001036,PROD-000110,1,849.31,0.0
LINE-0002558,ORD-001036,PROD-000405,1,14.81,0.1
LINE-0002559,ORD-001036,PROD-000163,1,430.55,0.0
LINE-0002560,ORD-001037,PROD-000486,2,109.38,0.15
LINE-0002561,ORD-001037,PROD-000545,1,21.37,0.0
LINE-0002562,ORD-001037,PROD-000344,1,95.85,0.0
LINE-0002563,ORD-001038,PROD-000215,1,57.68,0.25
LINE-0002564,ORD-001039,PROD-000234,3,242.58,0.0
LINE-0002565,ORD-001039,PROD-000353,2,110.89,0.0
LINE-0002566,ORD-001039,PROD-000173,1,49.13,0.25
LINE-0002567,ORD-001040,PROD-000550,1,116.36,0.0
LINE-0002568,ORD-001040,PROD-000462,1,50.97,0.25
LINE-0002569,ORD-001041,PROD-000488,3,49.86,0.05
LINE-0002570,ORD-001041,PROD-000058,2,21.77,0.25
LINE-0002571,ORD-001042,PROD-000433,2,39.75,0.0
LINE-0002572,ORD-001043,PROD-000029,3,157.64,0.0
LINE-0002573,ORD-001043,PROD-000533,1,138.26,0.0
LINE-0002574,ORD-001043,PROD-000116,2,454.92,0.05
LINE-0002575,ORD-001043,PROD-000490,1,160.67,0.2
LINE-0002576,ORD-001044,PROD-000501,1,115.85,0.05
LINE-0002577,ORD-001044,PROD-000511,1,124.59,0.25
LINE-0002578,ORD-001044,PROD-000126,1,487.86,0.15
LINE-0002579,ORD-001045,PROD-000042,4,620.64,0.2
LINE-0002580,ORD-001045,PROD-000466,1,87.79,0.0
LINE-0002581,ORD-001046,PROD-000191,3,177.17,0.1
LINE-0002582,ORD-001047,PROD-000383,2,98.58,0.15
LINE-0002583,ORD-001048,PROD-000521,2,35.54,0.1
LINE-0002584,ORD-001048,PROD-000033,4,761.65,0.1
LINE-0002585,ORD-001048,PROD-000016,1,139.07,0.05
LINE-0002586,ORD-001048,PROD-000177,1,355.73,0.0
LINE-0002587,ORD-001049,PROD-000412,1,12.55,0.0
LINE-0002588,ORD-001049,PROD-000195,1,369.81,0.0
LINE-0002589,ORD-001050,PROD-000039,3,172.76,0.25
LINE-0002590,ORD-001050,PROD-000401,1,78.53,0.1
LINE-0002591,ORD-001050,PROD-000399,1,70.9,0.2
LINE-0002592,ORD-001050,PROD-000368,1,20.78,0.25
LINE-0002593,ORD-001051,PROD-000406,1,21.87,0.25
LINE-0002594,ORD-001052,PROD-000069,2,1054.97,0.05
LINE-0002595,ORD-001052,PROD-000455,1,14.7,0.15
LINE-0002596,ORD-001052,PROD-000124,2,372.72,0.0
LINE-0002597,ORD-001053,PROD-000337,2,109.56,0.0
LINE-0002598,ORD-001054,PROD-000424,2,60.47,0.1
LINE-0002599,ORD-001055,PROD-000405,1,14.81,0.0
LINE-0002600,ORD-001055,PROD-000076,2,1180.25,0.25
LINE-0002601,ORD-001056,PROD-000228,1,189.57,0.05
LINE-0002602,ORD-001057,PROD-000048,1,896.66,0.0
LINE-0002603,ORD-001057,PROD-000544,2,163.69,0.1
LINE-0002604,ORD-001057,PROD-000271,2,122.91,0.05
LINE-0002605,ORD-001058,PROD-000233,1,125.03,0.0
LINE-0002606,ORD-001059,PROD-000307,3,206.66,0.05
LINE-0002607,ORD-001059,PROD-000524,1,122.29,0.0
LINE-0002608,ORD-001059,PROD-000069,2,1054.97,0.0
LINE-0002609,ORD-001060,PROD-000112,5,330.17,0.0
LINE-0002610,ORD-001060,PROD-000443,1,35.06,0.15
LINE-0002611,ORD-001060,PROD-000078,3,1173.91,0.05
LINE-0002612,ORD-001061,PROD-000154,2,58.39,0.0
LINE-0002613,ORD-001062,PROD-000074,2,443.96,0.15
LINE-0002614,ORD-001062,PROD-000394,2,106.63,0.2
LINE-0002615,ORD-001062,PROD-000496,2,46.38,0.1
LINE-0002616,ORD-001063,PROD-000256,1,117.44,0.1
LINE-0002617,ORD-001063,PROD-000242,2,57.59,0.0
LINE-0002618,ORD-001063,PROD-000345,1,118.22,0.0
LINE-0002619,ORD-001063,PROD-000244,5,209.59,0.0
LINE-0002620,ORD-001064,PROD-000018,1,292.3,0.25
LINE-0002621,ORD-001064,PROD-000124,1,372.72,0.2
LINE-0002622,ORD-001064,PROD-000290,3,233.92,0.1
LINE-0002623,ORD-001065,PROD-000511,1,124.59,0.2
LINE-0002624,ORD-001065,PROD-000526,1,15.1,0.0
LINE-0002625,ORD-001066,PROD-000492,2,49.02,0.15
LINE-0002626,ORD-001066,PROD-000258,1,25.58,0.0
LINE-0002627,ORD-001066,PROD-000353,1,110.89,0.0
LINE-0002628,ORD-001067,PROD-000468,1,82.53,0.25
LINE-0002629,ORD-001068,PROD-000103,1,612.87,0.15
LINE-0002630,ORD-001068,PROD-000140,1,24.4,0.25
LINE-0002631,ORD-001068,PROD-000245,1,0.0,0.0
LINE-0002632,ORD-001069,PROD-000378,1,52.29,0.2
LINE-0002633,ORD-001069,PROD-000272,1,23.3,0.0
LINE-0002634,ORD-001069,PROD-000162,1,15.34,0.25
LINE-0002635,ORD-001070,PROD-000238,2,235.54,0.0
LINE-0002636,ORD-001070,PROD-000400,2,104.75,0.0
LINE-0002637,ORD-001071,PROD-000307,1,206.66,0.1
LINE-0002638,ORD-001071,PROD-000453,1,161.91,0.2
LINE-0002639,ORD-001071,PROD-000386,3,81.01,0.25
LINE-0002640,ORD-001072,PROD-000147,2,497.34,0.25
LINE-0002641,ORD-001072,PROD-000038,1,715.11,0.0
LINE-0002642,ORD-001072,PROD-000374,1,99.79,0.0
LINE-0002643,ORD-001072,PROD-000068,1,1064.12,0.25
LINE-0002644,ORD-001073,PROD-000064,3,177.73,0.25
LINE-0002645,ORD-001073,PROD-000521,4,35.54,0.0
LINE-0002646,ORD-001074,PROD-000401,4,78.53,0.05
LINE-0002647,ORD-001074,PROD-000276,1,210.53,0.25
LINE-0002648,ORD-001074,PROD-000501,1,115.85,0.0
LINE-0002649,ORD-001075,PROD-000103,1,612.87,0.15
LINE-0002650,ORD-001075,PROD-000507,1,185.8,0.1
LINE-0002651,ORD-001076,PROD-000017,1,144.94,0.25
LINE-0002652,ORD-001076,PROD-000195,2,369.81,0.1
LINE-0002653,ORD-001077,PROD-000316,1,163.58,0.15
LINE-0002654,ORD-001078,PROD-000190,4,33.12,0.0
LINE-0002655,ORD-001078,PROD-000400,1,104.75,0.15
LINE-0002656,ORD-001078,PROD-000052,1,627.92,0.1
LINE-0002657,ORD-001078,PROD-000169,3,355.13,0.2
LINE-0002658,ORD-001079,PROD-000155,2,318.18,0.1
LINE-0002659,ORD-001079,PROD-000470,1,59.9,0.0
LINE-0002660,ORD-001079,PROD-000195,2,369.81,0.25
LINE-0002661,ORD-001079,PROD-000537,1,192.0,0.2
LINE-0002662,ORD-001080,PROD-000262,1,150.0,0.2
LINE-0002663,ORD-001080,PROD-000142,1,0.0,0.05
LINE-0002664,ORD-001080,PROD-000011,1,917.71,0.0
LINE-0002665,ORD-001080,PROD-000464,2,-13.33,0.25
LINE-0002666,ORD-001081,PROD-000216,1,34.27,0.15
LINE-0002667,ORD-001082,PROD-000418,2,110.42,0.2
LINE-0002668,ORD-001082,PROD-000496,2,46.38,0.0
LINE-0002669,ORD-001083,PROD-990668,1,162.22,0.2
LINE-0002670,ORD-001083,PROD-000229,1,43.74,0.25
LINE-0002671,ORD-001083,PROD-000550,1,116.36,0.0
LINE-0002672,ORD-001084,PROD-000031,2,836.35,0.2
LINE-0002673,ORD-001084,PROD-000276,2,210.53,0.05
LINE-0002674,ORD-001084,PROD-000538,2,61.93,0.0
LINE-0002675,ORD-001084,PROD-000544,1,163.69,0.0
LINE-0002676,ORD-001085,PROD-000387,1,76.84,0.0
LINE-0002677,ORD-001085,PROD-000246,1,89.32,0.15
LINE-0002678,ORD-001085,PROD-000272,1,23.3,0.0
LINE-0002679,ORD-001086,PROD-000494,2,0.0,0.2
LINE-0002680,ORD-001086,PROD-000209,1,140.44,0.0
LINE-0002681,ORD-001087,PROD-000469,1,103.87,0.0
LINE-0002682,ORD-001087,PROD-000447,1,17.81,0.15
LINE-0002683,ORD-001087,PROD-000270,1,67.77,0.05
LINE-0002684,ORD-001088,PROD-000429,2,49.57,0.25
LINE-0002685,ORD-001088,PROD-000470,1,59.9,0.25
LINE-0002686,ORD-001088,PROD-000060,4,1157.62,0.25
LINE-0002687,ORD-001089,PROD-000360,3,22.51,0.2
LINE-0002688,ORD-001089,PROD-000266,3,185.8,0.0
LINE-0002689,ORD-001089,PROD-000166,2,325.83,0.0
LINE-0002690,ORD-001090,PROD-000548,2,-96.74,0.0
LINE-0002691,ORD-001090,PROD-000272,2,23.3,0.0
LINE-0002692,ORD-001091,PROD-000220,1,88.57,0.05
LINE-0002693,ORD-001091,PROD-000420,1,98.87,0.0
LINE-0002694,ORD-001091,PROD-000136,2,53.41,0.0
LINE-0002695,ORD-001091,PROD-000475,1,120.5,0.0
LINE-0002696,ORD-001092,PROD-000154,1,58.39,0.0
LINE-0002697,ORD-001092,PROD-000502,3,63.88,0.0
LINE-0002698,ORD-001093,PROD-000484,1,162.48,0.15
LINE-0002699,ORD-001094,PROD-000444,1,80.65,0.2
LINE-0002700,ORD-001094,PROD-000126,2,487.86,0.0
LINE-0002701,ORD-001094,PROD-000512,1,155.91,0.0
LINE-0002702,ORD-001094,PROD-000112,3,330.17,0.1
LINE-0002703,ORD-001095,PROD-000388,1,75.03,0.1
LINE-0002704,ORD-001095,PROD-000119,3,96.14,0.1
LINE-0002705,ORD-001096,PROD-000244,2,209.59,0.0
LINE-0002706,ORD-001096,PROD-000034,1,0.0,0.2
LINE-0002707,ORD-001096,PROD-000391,1,46.23,0.0
LINE-0002708,ORD-001096,PROD-000184,1,119.18,0.05
LINE-0002709,ORD-001097,PROD-000196,1,58.68,0.0
LINE-0002710,ORD-001097,PROD-000031,1,836.35,0.2
LINE-0002711,ORD-001098,PROD-000100,5,581.54,0.1
LINE-0002712,ORD-001099,PROD-000415,1,103.9,0.25
LINE-0002713,ORD-001099,PROD-000283,3,87.19,0.0
LINE-0002714,ORD-001100,PROD-000440,1,11.44,0.0
LINE-0002715,ORD-001101,PROD-000470,5,59.9,0.25
LINE-0002716,ORD-001102,PROD-000227,1,19.5,0.0
LINE-0002717,ORD-001103,PROD-000203,1,332.86,0.0
LINE-0002718,ORD-001103,PROD-000464,2,-13.33,0.0
LINE-0002719,ORD-001103,PROD-000041,1,1349.37,0.1
LINE-0002720,ORD-001103,PROD-000358,3,58.49,0.05
LINE-0002721,ORD-001104,PROD-000194,1,288.97,0.25
LINE-0002722,ORD-001104,PROD-000431,1,68.89,0.0
LINE-0002723,ORD-001105,PROD-000294,1,49.9,0.0
LINE-0002724,ORD-001105,PROD-000393,2,20.09,0.25
LINE-0002725,ORD-001105,PROD-000235,1,247.2,0.0
LINE-0002726,ORD-001106,PROD-000462,1,50.97,0.0
LINE-0002727,ORD-001106,PROD-000451,1,39.64,0.05
LINE-0002728,ORD-001106,PROD-000253,1,40.42,0.0
LINE-0002729,ORD-001107,PROD-000340,1,14.72,0.15
LINE-0002730,ORD-001107,PROD-000273,4,176.37,0.15
LINE-0002731,ORD-001107,PROD-000064,1,177.73,0.0
LINE-0002732,ORD-001107,PROD-000164,2,334.26,0.05
LINE-0002733,ORD-001108,PROD-000133,1,386.44,0.0
LINE-0002734,ORD-001108,PROD-000482,1,29.45,0.25
LINE-0000035,ORD-001109,PROD-000092,1,378.23,0.0
LINE-0002736,ORD-001109,PROD-000167,1,469.82,0.2
LINE-0002737,ORD-001110,PROD-000364,1,17.2,0.1
LINE-0002738,ORD-001110,PROD-000049,1,102.74,0.2
LINE-0002739,ORD-001111,PROD-000131,1,162.22,0.2
LINE-0002740,ORD-001112,PROD-000472,5,155.29,0.25
LINE-0002741,ORD-001112,PROD-000412,1,12.55,0.0
LINE-0002742,ORD-001112,PROD-000347,1,27.56,0.1
LINE-0002743,ORD-001112,PROD-000179,1,467.75,0.15
LINE-0002744,ORD-001113,PROD-000509,1,90.68,0.15
LINE-0002745,ORD-001113,PROD-000279,2,-88.05,0.0
LINE-0002746,ORD-001114,PROD-000001,1,487.03,0.0
LINE-0002747,ORD-001114,PROD-000526,2,15.1,0.2
LINE-0002748,ORD-001114,PROD-000453,1,161.91,0.25
LINE-0002749,ORD-001114,PROD-000316,1,163.58,0.15
LINE-0002750,ORD-001115,PROD-000023,4,739.06,0.0
LINE-0002751,ORD-001115,PROD-000177,1,355.73,0.0
LINE-0002752,ORD-001115,PROD-000046,2,187.73,0.0
LINE-0002753,ORD-001115,PROD-000011,1,917.71,0.0
LINE-0002754,ORD-001116,PROD-000081,4,429.22,0.1
LINE-0002755,ORD-001116,PROD-000388,1,75.03,0.05
LINE-0002756,ORD-001117,PROD-000294,1,49.9,0.1
LINE-0002757,ORD-001118,PROD-000236,2,159.05,0.0
LINE-0002758,ORD-001119,PROD-000364,1,17.2,0.05
LINE-0002759,ORD-001119,PROD-000202,1,215.58,0.05
LINE-0002760,ORD-001120,PROD-000007,5,44.74,0.05
LINE-0002761,ORD-001120,PROD-000175,2,135.64,0.15
LINE-0002762,ORD-001121,PROD-000042,2,620.64,0.0
LINE-0002763,ORD-001122,PROD-000347,2,27.56,0.0
LINE-0002764,ORD-001122,PROD-000360,3,22.51,0.05
LINE-0002765,ORD-001122,PROD-000062,3,824.71,0.15
LINE-0002766,ORD-001123,PROD-000344,2,95.85,0.2
LINE-0002767,ORD-001123,PROD-000035,1,680.4,0.1
LINE-0002768,ORD-001123,PROD-000237,1,196.84,0.05
LINE-0002769,ORD-001124,PROD-000257,2,159.69,0.0
LINE-0002770,ORD-001124,PROD-000202,3,215.58,0.1
LINE-0002771,ORD-001125,PROD-000411,1,88.89,0.2
LINE-0002772,ORD-001125,PROD-000171,1,403.48,0.0
LINE-0002773,ORD-001126,PROD-000028,1,87.66,0.15
LINE-0002774,ORD-001127,PROD-000128,1,321.05,0.1
LINE-0002775,ORD-001127,PROD-000132,3,274.51,0.1
LINE-0002776,ORD-001128,PROD-000169,1,355.13,0.0
LINE-0002777,ORD-001129,PROD-000349,2,42.44,0.0
LINE-0002778,ORD-001129,PROD-000410,2,111.99,0.0
LINE-0002779,ORD-001129,PROD-990830,4,55.2,0.0
LINE-0002780,ORD-001129,PROD-000140,1,24.4,0.05
LINE-0002781,ORD-001130,PROD-000419,4,90.41,0.25
LINE-0002782,ORD-001130,PROD-000207,2,351.48,0.1
LINE-0002783,ORD-001130,PROD-000079,-5,786.25,0.15
LINE-0002784,ORD-001130,PROD-000501,1,115.85,0.1
LINE-0002785,ORD-001131,PROD-000069,1,1054.97,0.2
LINE-0002786,ORD-001131,PROD-000016,2,139.07,0.0
LINE-0002787,ORD-001132,PROD-000098,1,68.18,0.15
LINE-0002788,ORD-001132,PROD-000213,1,156.85,0.0
LINE-0002789,ORD-001132,PROD-000466,2,87.79,0.0
LINE-0002790,ORD-001133,PROD-000413,2,60.66,0.0
LINE-0002791,ORD-001133,PROD-000465,1,109.8,0.05
LINE-0002792,ORD-001134,PROD-000502,1,63.88,0.15
LINE-0002793,ORD-001135,PROD-000418,1,110.42,0.2
LINE-0002794,ORD-001135,PROD-000134,4,196.21,0.1
LINE-0002795,ORD-001136,PROD-000334,5,67.08,0.1
LINE-0002796,ORD-001136,PROD-000158,1,250.36,0.2
LINE-0002797,ORD-001136,PROD-000529,1,175.09,0.0
LINE-0002798,ORD-001136,PROD-000416,1,61.55,0.0
LINE-0002799,ORD-001137,PROD-000443,1,35.06,0.0
LINE-0002800,ORD-001138,PROD-000240,3,220.96,0.1
LINE-0002801,ORD-001138,PROD-000028,1,87.66,0.15
LINE-0002802,ORD-001138,PROD-000005,1,247.55,0.0
LINE-0002803,ORD-001138,PROD-000166,1,325.83,0.1
LINE-0002804,ORD-001139,PROD-000200,1,498.57,0.0
LINE-0002805,ORD-001140,PROD-000066,3,1137.35,0.15
LINE-0002806,ORD-001141,PROD-000347,2,27.56,0.0
LINE-0002807,ORD-001141,PROD-000371,2,86.7,0.15
LINE-0002808,ORD-001142,PROD-000285,1,54.06,0.05
LINE-0002809,ORD-001143,PROD-000105,4,1287.33,0.1
LINE-0002810,ORD-001143,PROD-000110,1,849.31,0.05
LINE-0002811,ORD-001144,PROD-000538,0,61.93,0.25
LINE-0002812,ORD-001145,PROD-000481,3,36.01,0.0
LINE-0002813,ORD-001145,PROD-000146,1,487.67,0.15
LINE-0002814,ORD-001145,PROD-000274,3,143.12,0.1
LINE-0002815,ORD-001145,PROD-000486,1,109.38,0.0
LINE-0002816,ORD-001146,PROD-000098,2,68.18,0.05
LINE-0002817,ORD-001146,PROD-000522,1,103.2,0.1
LINE-0002818,ORD-001147,PROD-000115,1,465.34,0.1
LINE-0002819,ORD-001147,PROD-000189,1,451.02,0.25
LINE-0002820,ORD-001147,PROD-000008,1,660.87,0.25
LINE-0002821,ORD-001148,PROD-000449,1,80.84,0.25
LINE-0002822,ORD-001149,PROD-000208,1,116.36,0.2
LINE-0002823,ORD-001149,PROD-000218,2,129.55,0.15
LINE-0002824,ORD-001149,PROD-000246,1,89.32,0.0
LINE-0002825,ORD-001149,PROD-000178,1,209.75,0.15
LINE-0002826,ORD-001150,PROD-000173,5,49.13,0.15
LINE-0002827,ORD-001151,PROD-000304,4,178.65,0.15
LINE-0002828,ORD-001151,PROD-000451,1,39.64,0.15
LINE-0002829,ORD-001151,PROD-000289,1,21.18,0.05
LINE-0002830,ORD-001151,PROD-000059,2,1314.73,0.0
LINE-0002831,ORD-001152,PROD-000455,2,14.7,0.2
LINE-0002832,ORD-001152,PROD-000498,0,45.16,0.0
LINE-0002833,ORD-001152,PROD-000141,2,151.82,0.0
LINE-0002834,ORD-001153,PROD-000415,1,103.9,0.0
LINE-0002835,ORD-001153,PROD-000502,1,63.88,0.15
LINE-0002836,ORD-001153,PROD-000131,2,162.22,0.1
LINE-0002837,ORD-001154,PROD-000334,2,67.08,0.0
LINE-0002838,ORD-001154,PROD-000390,3,72.92,0.2
LINE-0002839,ORD-001155,PROD-000166,1,325.83,0.0
LINE-0002840,ORD-001155,PROD-000180,1,385.62,0.15
LINE-0002841,ORD-001156,PROD-000111,1,73.79,0.0
LINE-0002842,ORD-001157,PROD-000423,1,42.83,0.25
LINE-0002843,ORD-001157,PROD-000176,1,216.35,0.0
LINE-0002844,ORD-001157,PROD-000315,1,165.68,0.2
LINE-0002845,ORD-001158,PROD-000263,1,225.65,0.0
LINE-0002846,ORD-001158,PROD-000189,2,451.02,0.0
LINE-0002847,ORD-001159,PROD-000170,1,-69.28,0.1
LINE-0002848,ORD-001159,PROD-000257,1,159.69,0.0
LINE-0002849,ORD-001160,PROD-000184,2,119.18,0.2
LINE-0002850,ORD-001160,PROD-000012,1,997.86,0.2
LINE-0002851,ORD-001160,PROD-000014,3,461.11,0.0
LINE-0002852,ORD-001161,PROD-000041,1,1349.37,0.0
LINE-0002853,ORD-001161,PROD-000140,1,24.4,0.1
LINE-0002854,ORD-001161,PROD-000427,3,-17.55,0.15
LINE-0002855,ORD-001161,PROD-000416,2,61.55,0.0
LINE-0002856,ORD-001162,PROD-000448,2,45.04,0.0
LINE-0002857,ORD-001162,PROD-000203,2,332.86,0.25
LINE-0002858,ORD-001162,PROD-000194,1,288.97,0.1
LINE-0002859,ORD-001163,PROD-000020,2,833.49,0.05
LINE-0002860,ORD-001164,PROD-000052,3,627.92,0.0
LINE-0002861,ORD-001165,PROD-000257,5,159.69,0.05
LINE-0002862,ORD-001165,PROD-000387,1,76.84,0.0
LINE-0002863,ORD-001166,PROD-000168,1,107.92,0.25
LINE-0002864,ORD-001166,PROD-000313,2,144.33,0.0
LINE-0002865,ORD-001167,PROD-000233,1,125.03,0.2
LINE-0002866,ORD-001168,PROD-000048,1,896.66,0.2
LINE-0002867,ORD-001169,PROD-000550,1,116.36,0.0
LINE-0002868,ORD-001170,PROD-000506,1,26.14,0.1
LINE-0002869,ORD-001170,PROD-000039,1,172.76,0.2
LINE-0002870,ORD-001170,PROD-000336,1,14.85,0.0
LINE-0002871,ORD-001170,PROD-000417,1,36.37,0.2
LINE-0002872,ORD-001171,PROD-000494,1,0.0,0.2
LINE-0002873,ORD-001172,PROD-000408,4,34.27,0.05
LINE-0002874,ORD-001172,PROD-000296,1,203.44,0.15
LINE-0002875,ORD-001173,PROD-000016,1,139.07,0.15
LINE-0002876,ORD-001174,PROD-000483,1,141.02,0.05
LINE-0002877,ORD-001174,PROD-000181,1,279.62,0.1
LINE-0002878,ORD-001175,PROD-000095,5,733.78,0.05
LINE-0002879,ORD-001175,PROD-000463,4,163.07,0.0
LINE-0002880,ORD-001175,PROD-000443,1,35.06,0.05
LINE-0002881,ORD-001175,PROD-000154,1,58.39,0.05
LINE-0002882,ORD-001176,PROD-000120,1,471.1,0.0
LINE-0002883,ORD-001176,PROD-000013,1,598.66,0.2
LINE-0002884,ORD-001176,PROD-000272,1,23.3,0.1
LINE-0002885,ORD-001176,PROD-000297,1,224.4,0.0
LINE-0002886,ORD-001177,PROD-000104,1,358.27,0.15
LINE-0002887,ORD-001177,PROD-000406,2,21.87,0.1
LINE-0002888,ORD-001178,PROD-000122,1,388.89,0.0
LINE-0002889,ORD-001178,PROD-000206,1,41.44,0.25
LINE-0002890,ORD-001178,PROD-000479,1,70.07,0.25
LINE-0002891,ORD-001179,PROD-000544,1,163.69,0.0
LINE-0002892,ORD-001179,PROD-000378,1,52.29,0.2
LINE-0002893,ORD-001179,PROD-000497,1,185.59,0.05
LINE-0002894,ORD-001179,PROD-000438,1,114.67,0.1
LINE-0002895,ORD-001180,PROD-000189,1,451.02,0.2
LINE-0002896,ORD-001180,PROD-000047,3,977.93,0.0
LINE-0002897,ORD-001180,PROD-000292,4,86.63,0.25
LINE-0002898,ORD-001181,PROD-000356,1,85.61,0.25
LINE-0002899,ORD-001181,PROD-000105,1,1287.33,0.0
LINE-0002900,ORD-001181,PROD-000532,2,118.36,0.0
LINE-0002901,ORD-001182,PROD-000198,2,56.25,0.0
LINE-0002902,ORD-001182,PROD-000180,1,385.62,0.0
LINE-0002903,ORD-001182,PROD-000314,1,154.58,0.1
LINE-0002904,ORD-001182,PROD-000192,1,388.63,0.05
LINE-0002905,ORD-001183,PROD-000323,2,181.54,0.0
LINE-0002906,ORD-001183,PROD-000281,1,212.17,0.05
LINE-0002907,ORD-001183,PROD-000081,1,429.22,0.1
LINE-0002908,ORD-001183,PROD-000517,1,104.59,0.15
LINE-0002909,ORD-001184,PROD-000351,1,41.05,0.1
LINE-0002910,ORD-001184,PROD-000206,1,41.44,0.25
LINE-0002911,ORD-001184,PROD-000522,2,103.2,0.0
LINE-0002912,ORD-001184,PROD-000406,1,21.87,0.0
LINE-0002913,ORD-001185,PROD-000308,1,200.69,0.2
LINE-0002914,ORD-001185,PROD-000386,1,81.01,0.0
LINE-0002915,ORD-001185,PROD-000236,3,159.05,0.2
LINE-0002916,ORD-001186,PROD-000295,1,61.56,0.25
LINE-0002917,ORD-001187,PROD-000207,1,351.48,0.2
LINE-0002918,ORD-001187,PROD-000537,1,192.0,0.1
LINE-0002919,ORD-001188,PROD-000013,3,598.66,0.0
LINE-0002920,ORD-001189,PROD-000238,2,235.54,0.15
LINE-0002921,ORD-001189,PROD-000521,3,35.54,2.0
LINE-0002922,ORD-001189,PROD-000353,2,110.89,0.1
LINE-0002923,ORD-001190,PROD-000096,1,290.64,0.1
LINE-0002924,ORD-001190,PROD-000408,1,34.27,0.05
LINE-0002925,ORD-001191,PROD-000017,1,144.94,0.25
LINE-0002926,ORD-001191,PROD-000034,2,0.0,0.0
LINE-0002927,ORD-001191,PROD-000231,2,97.82,0.1
LINE-0002928,ORD-001192,PROD-000052,1,627.92,0.0
LINE-0002929,ORD-001192,PROD-000320,3,42.79,0.1
LINE-0002930,ORD-001192,PROD-000509,1,90.68,0.05
LINE-0002931,ORD-001192,PROD-000428,1,112.47,0.25
LINE-0002932,ORD-001193,PROD-000290,1,233.92,0.0
LINE-0002933,ORD-001193,PROD-000222,3,48.78,0.2
LINE-0002934,ORD-001193,PROD-000477,4,110.62,0.2
LINE-0002935,ORD-001194,PROD-000471,1,179.6,0.15
LINE-0002936,ORD-001195,PROD-000269,4,146.12,0.2
LINE-0002937,ORD-001195,PROD-000432,3,34.01,0.05
LINE-0002938,ORD-001195,PROD-000487,3,164.76,0.2
LINE-0002939,ORD-001195,PROD-000137,3,146.84,0.0
LINE-0002940,ORD-001196,PROD-000312,1,148.86,0.15
LINE-0002941,ORD-001196,PROD-000092,2,378.23,0.0
LINE-0002942,ORD-001196,PROD-000540,2,136.05,0.0
LINE-0002943,ORD-001197,PROD-000472,2,155.29,0.0
LINE-0002944,ORD-001197,PROD-000495,1,22.97,0.0
LINE-0002945,ORD-001198,PROD-000538,2,61.93,0.1
LINE-0002946,ORD-001199,PROD-990547,4,620.64,0.0
LINE-0002947,ORD-001199,PROD-000474,1,32.71,0.1
LINE-0002948,ORD-001199,PROD-000402,5,25.55,0.05
LINE-0002949,ORD-001200,PROD-000429,1,49.57,0.15
LINE-0002950,ORD-001200,PROD-000446,1,194.9,0.0
LINE-0002951,ORD-001200,PROD-000035,1,680.4,0.05
LINE-0002952,ORD-001201,PROD-000462,2,50.97,0.2
LINE-0002953,ORD-001201,PROD-000281,2,212.17,0.05
LINE-0002954,ORD-001202,PROD-000028,1,87.66,0.25
LINE-0002955,ORD-001202,PROD-000413,2,60.66,0.25
LINE-0002956,ORD-001203,PROD-000023,1,739.06,0.25
LINE-0002957,ORD-001203,PROD-000422,1,41.82,0.0
LINE-0002958,ORD-001204,PROD-000192,3,388.63,0.2
LINE-0002959,ORD-001204,PROD-000438,2,114.67,0.25
LINE-0002960,ORD-001205,PROD-000085,2,735.76,0.25
LINE-0002961,ORD-001205,PROD-000017,2,144.94,0.2
LINE-0002962,ORD-001205,PROD-000533,5,138.26,0.15
LINE-0002963,ORD-001206,PROD-000523,1,116.82,0.0
LINE-0002964,ORD-001206,PROD-000345,1,118.22,0.2
LINE-0002965,ORD-001207,PROD-000215,1,57.68,0.0
LINE-0002966,ORD-001207,PROD-000432,2,34.01,0.25
LINE-0002967,ORD-001207,PROD-000214,2,488.65,0.2
LINE-0002968,ORD-001207,PROD-000319,2,247.68,0.0
LINE-0002969,ORD-001208,PROD-000338,1,41.69,0.0
LINE-0002970,ORD-001208,PROD-000023,1,739.06,0.0
LINE-0002971,ORD-001208,PROD-000317,2,81.73,0.0
LINE-0002972,ORD-001209,PROD-000062,5,824.71,0.2
LINE-0002973,ORD-001209,PROD-000275,1,184.54,0.25
LINE-0002974,ORD-001209,PROD-000440,1,11.44,0.0
LINE-0002975,ORD-001209,PROD-000081,1,429.22,0.2
LINE-0002976,ORD-001210,PROD-000215,1,57.68,0.2
LINE-0002977,ORD-001210,PROD-000196,1,58.68,0.0
LINE-0002978,ORD-001210,PROD-000064,1,177.73,0.0
LINE-0002979,ORD-001210,PROD-000073,2,1092.24,0.25
LINE-0002980,ORD-001211,PROD-000186,1,90.7,0.0
LINE-0002981,ORD-001211,PROD-000530,1,17.09,0.0
LINE-0002982,ORD-001212,PROD-000125,1,97.73,0.05
LINE-0002983,ORD-001212,PROD-000161,4,90.18,0.05
LINE-0002984,ORD-001212,PROD-000436,1,17.89,0.25
LINE-0002985,ORD-001212,PROD-000338,1,41.69,0.0
LINE-0002986,ORD-001213,PROD-000007,1,44.74,0.0
LINE-0002987,ORD-001213,PROD-000441,2,75.12,0.2
LINE-0002988,ORD-001213,PROD-000323,3,181.54,0.1
LINE-0002989,ORD-001213,PROD-000275,1,184.54,0.0
LINE-0002990,ORD-001214,PROD-000216,1,34.27,0.05
LINE-0002991,ORD-001215,PROD-000249,1,180.47,0.15
LINE-0002992,ORD-001216,PROD-000020,2,833.49,0.15
LINE-0002993,ORD-001216,PROD-000118,4,393.76,0.2
LINE-0002994,ORD-001216,PROD-000297,1,224.4,0.25
LINE-0002995,ORD-001217,PROD-000397,1,113.12,0.0
LINE-0002996,ORD-001218,PROD-000356,2,85.61,0.25
LINE-0002997,ORD-001219,PROD-000003,2,266.03,0.1
LINE-0002998,ORD-001219,PROD-000384,1,73.3,0.0
LINE-0002999,ORD-001220,PROD-000243,1,112.83,0.05
LINE-0003000,ORD-001220,PROD-000533,1,138.26,0.0
LINE-0003001,ORD-001220,PROD-000292,2,86.63,0.0
LINE-0003002,ORD-001221,PROD-000486,2,109.38,0.0
LINE-0003003,ORD-001222,PROD-000491,2,18.21,1.5
LINE-0003004,ORD-001222,PROD-000523,3,116.82,0.1
LINE-0003005,ORD-001222,PROD-000006,1,100.31,0.05
LINE-0003006,ORD-001222,PROD-000403,1,83.38,0.0
LINE-0003007,ORD-001223,PROD-000549,1,31.57,0.2
LINE-0003008,ORD-001223,PROD-000054,3,121.88,0.1
LINE-0003009,ORD-001223,PROD-000108,2,166.47,0.0
LINE-0003010,ORD-001224,PROD-000344,1,95.85,0.0
LINE-0003011,ORD-001225,PROD-000468,1,82.53,0.0
LINE-0003012,ORD-001225,PROD-000048,2,896.66,0.25
LINE-0003013,ORD-001226,PROD-000163,2,430.55,0.2
LINE-0003014,ORD-001227,PROD-000044,2,781.51,0.05
LINE-0003015,ORD-001227,PROD-000464,1,-13.33,0.0
LINE-0003016,ORD-001227,PROD-000050,4,1454.47,0.0
LINE-0003017,ORD-001228,PROD-000474,2,32.71,0.0
LINE-0003018,ORD-001229,PROD-000157,2,108.58,0.0
LINE-0003019,ORD-001229,PROD-000550,2,116.36,0.1
LINE-0003020,ORD-001229,PROD-000173,4,49.13,0.1
LINE-0003021,ORD-001229,PROD-000432,4,34.01,0.15
LINE-0003022,ORD-001230,PROD-000020,2,833.49,0.25
LINE-0003023,ORD-001231,PROD-000537,1,192.0,0.15
LINE-0003024,ORD-001231,PROD-000528,1,0.0,0.0
LINE-0003025,ORD-001232,PROD-000290,3,233.92,0.0
LINE-0003026,ORD-001232,PROD-000093,2,935.51,9.99
LINE-0003027,ORD-001232,PROD-000079,1,786.25,0.0
LINE-0003028,ORD-001232,PROD-000437,1,39.62,0.2
LINE-0003029,ORD-001233,PROD-000179,4,467.75,9.99
LINE-0003030,ORD-001234,PROD-000409,3,17.15,0.0
LINE-0003031,ORD-001234,PROD-000138,4,428.93,0.0
LINE-0003032,ORD-001234,PROD-000016,1,139.07,0.05
LINE-0003033,ORD-001234,PROD-000034,2,0.0,0.0
LINE-0003034,ORD-001235,PROD-000059,3,1314.73,0.1
LINE-0003035,ORD-001235,PROD-000184,1,119.18,0.1
LINE-0003036,ORD-001235,PROD-000439,1,47.47,0.1
LINE-0003037,ORD-001235,PROD-000204,5,495.22,0.05
LINE-0003038,ORD-001236,PROD-000398,1,64.48,0.15
LINE-0003039,ORD-001236,PROD-000193,2,321.6,0.25
LINE-0003040,ORD-001236,PROD-000265,2,137.1,0.0
LINE-0003041,ORD-001237,PROD-000187,2,408.36,0.0
LINE-0003042,ORD-001238,PROD-000149,1,368.18,0.15
LINE-0003043,ORD-001238,PROD-000313,2,144.33,0.05
LINE-0003044,ORD-001238,PROD-000170,1,-69.28,0.2
LINE-0003045,ORD-001239,PROD-000095,3,733.78,0.0
LINE-0003046,ORD-001240,PROD-000478,1,155.28,0.05
LINE-0003047,ORD-001240,PROD-000380,-2,119.59,0.0
LINE-0003048,ORD-001241,PROD-000280,2,175.3,0.2
LINE-0003049,ORD-001241,PROD-000471,1,179.6,0.0
LINE-0003050,ORD-001242,PROD-000393,1,20.09,0.0
LINE-0003051,ORD-001242,PROD-000468,2,82.53,0.0
LINE-0003052,ORD-001243,PROD-000254,1,72.61,0.0
LINE-0003053,ORD-001243,PROD-000392,1,50.05,0.1
LINE-0003054,ORD-001243,PROD-000333,1,67.42,0.0
LINE-0003055,ORD-001244,PROD-000371,4,86.7,0.1
LINE-0003056,ORD-001244,PROD-000233,2,125.03,0.0
LINE-0003057,ORD-001244,PROD-000443,1,35.06,0.25
LINE-0003058,ORD-001245,PROD-000293,5,78.2,0.2
LINE-0003059,ORD-001245,PROD-000017,1,144.94,0.1
LINE-0003060,ORD-001245,PROD-000254,1,72.61,0.0
LINE-0003061,ORD-001246,PROD-000368,1,20.78,0.25
LINE-0003062,ORD-001247,PROD-000260,1,248.5,0.2
LINE-0003063,ORD-001247,PROD-000539,1,75.98,0.2
LINE-0003064,ORD-001247,PROD-000386,2,81.01,0.0
LINE-0003065,ORD-001247,PROD-000291,1,223.67,0.05
LINE-0003066,ORD-001248,PROD-000242,2,57.59,0.0
LINE-0003067,ORD-001248,PROD-000446,1,194.9,0.2
LINE-0003068,ORD-001249,PROD-000483,1,141.02,0.0
LINE-0003069,ORD-001249,PROD-000550,1,116.36,0.0
LINE-0003070,ORD-001249,PROD-000425,2,60.53,0.15
LINE-0003071,ORD-001249,PROD-000298,2,227.02,0.1
LINE-0003072,ORD-001250,PROD-000182,1,232.03,0.0
LINE-0003073,ORD-001250,PROD-000141,1,151.82,0.2
LINE-0003074,ORD-001250,PROD-000052,1,627.92,0.0
LINE-0003075,ORD-001250,PROD-000269,3,146.12,0.0
LINE-0003076,ORD-001251,PROD-000134,1,196.21,0.2
LINE-0003077,ORD-001251,PROD-000012,2,997.86,0.0
LINE-0003078,ORD-001251,PROD-000401,1,78.53,0.25
LINE-0003079,ORD-001251,PROD-000434,1,67.45,0.2
LINE-0003080,ORD-001252,PROD-000198,2,56.25,0.2
LINE-0003081,ORD-001252,PROD-000361,1,81.85,0.0
LINE-0003082,ORD-001253,PROD-000225,1,46.97,0.25
LINE-0003083,ORD-001253,PROD-000336,4,14.85,0.2
LINE-0003084,ORD-001254,PROD-000516,1,108.78,0.2
LINE-0003085,ORD-001254,PROD-000470,1,59.9,0.0
LINE-0003086,ORD-001254,PROD-000196,1,58.68,0.1
LINE-0003087,ORD-001254,PROD-000389,1,99.07,0.0
LINE-0003088,ORD-001255,PROD-000266,2,185.8,0.0
LINE-0003089,ORD-001255,PROD-000546,0,151.81,0.0
LINE-0003090,ORD-001256,PROD-000258,4,25.58,0.05
LINE-0003091,ORD-001256,PROD-000100,2,581.54,0.05
LINE-0003092,ORD-001256,PROD-000343,4,110.01,0.0
LINE-0003093,ORD-001257,PROD-000132,3,274.51,0.0
LINE-0003094,ORD-001257,PROD-000420,4,98.87,0.0
LINE-0003095,ORD-001258,PROD-000070,2,520.88,0.1
LINE-0003096,ORD-001259,PROD-000051,1,917.65,0.0
LINE-0003097,ORD-001259,PROD-000486,1,109.38,0.0
LINE-0003098,ORD-001259,PROD-000416,2,61.55,0.1
LINE-0003099,ORD-001260,PROD-000035,1,680.4,0.0
LINE-0003100,ORD-001260,PROD-990348,-5,105.58,0.05
LINE-0003101,ORD-001261,PROD-000124,1,372.72,0.25
LINE-0003102,ORD-001261,PROD-000018,3,292.3,0.15
LINE-0003103,ORD-001261,PROD-000214,1,488.65,0.0
LINE-0003104,ORD-001262,PROD-000138,4,428.93,0.2
LINE-0003105,ORD-001262,PROD-000034,1,0.0,0.1
LINE-0003106,ORD-001262,PROD-000453,1,161.91,0.0
LINE-0003107,ORD-001262,PROD-000343,3,110.01,0.0
LINE-0003108,ORD-001263,PROD-000012,3,997.86,0.0
LINE-0003109,ORD-001263,PROD-000345,2,118.22,0.0
LINE-0003110,ORD-001263,PROD-000158,5,250.36,0.05
LINE-0003111,ORD-001264,PROD-000243,1,112.83,0.2
LINE-0003112,ORD-001264,PROD-000032,3,239.97,0.2
LINE-0003113,ORD-001264,PROD-000505,1,103.4,0.0
LINE-0003114,ORD-001265,PROD-000418,1,110.42,0.15
LINE-0003115,ORD-001265,PROD-000131,1,162.22,0.2
LINE-0003116,ORD-001265,PROD-000035,1,680.4,0.0
LINE-0003117,ORD-001266,PROD-000090,2,725.29,0.25
LINE-0003118,ORD-001267,PROD-000257,2,159.69,0.2
LINE-0003119,ORD-001267,PROD-000003,1,266.03,0.2
LINE-0003120,ORD-001267,PROD-000468,4,82.53,0.0
LINE-0003121,ORD-001268,PROD-000349,1,42.44,0.0
LINE-0003122,ORD-001268,PROD-000500,1,98.51,0.1
LINE-0003123,ORD-001268,PROD-000160,2,148.52,0.05
LINE-0003124,ORD-001268,PROD-000305,1,28.02,0.1
LINE-0003125,ORD-001269,PROD-000270,1,67.77,0.05
LINE-0003126,ORD-001269,PROD-000126,2,487.86,0.0
LINE-0003127,ORD-001269,PROD-000171,1,403.48,0.05
LINE-0003128,ORD-001269,PROD-000333,1,67.42,0.25
LINE-0003129,ORD-001270,PROD-000422,2,41.82,0.0
LINE-0003130,ORD-001270,PROD-000102,1,292.18,0.25
LINE-0003131,ORD-001270,PROD-000014,3,461.11,0.25
LINE-0003132,ORD-001271,PROD-990703,2,41.44,0.15
LINE-0003133,ORD-001271,PROD-000177,1,355.73,0.0
LINE-0003134,ORD-001271,PROD-000077,1,73.36,0.05
LINE-0003135,ORD-001271,PROD-000517,1,104.59,0.2
LINE-0003136,ORD-001272,PROD-000188,2,52.43,0.0
LINE-0003137,ORD-001273,PROD-000349,1,42.44,0.05
LINE-0003138,ORD-001273,PROD-000074,4,443.96,0.25
LINE-0003139,ORD-001274,PROD-000220,1,88.57,0.0
LINE-0003140,ORD-001274,PROD-000479,2,70.07,0.05
LINE-0003141,ORD-001275,PROD-000193,1,321.6,0.1
LINE-0003142,ORD-001275,PROD-000308,1,200.69,0.25
LINE-0003143,ORD-001275,PROD-000325,1,111.59,0.1
LINE-0003144,ORD-001276,PROD-000285,2,54.06,0.25
LINE-0003145,ORD-001277,PROD-000027,5,1166.65,0.05
LINE-0003146,ORD-001277,PROD-000462,1,50.97,0.15
LINE-0003147,ORD-001277,PROD-000433,1,39.75,0.0
LINE-0003148,ORD-001277,PROD-000134,1,196.21,0.0
LINE-0003149,ORD-001278,PROD-000431,1,68.89,0.25
LINE-0003150,ORD-001278,PROD-000337,3,109.56,0.0
LINE-0003151,ORD-001278,PROD-000080,4,1094.68,0.15
LINE-0003152,ORD-001278,PROD-000075,3,669.67,0.0
LINE-0003153,ORD-001279,PROD-000250,1,143.2,0.1
LINE-0003154,ORD-001279,PROD-000174,1,366.7,0.15
LINE-0003155,ORD-001279,PROD-000363,2,56.39,0.2
LINE-0003156,ORD-001279,PROD-000082,1,26.87,0.05
LINE-0003157,ORD-001280,PROD-000038,2,715.11,0.0
LINE-0003158,ORD-001280,PROD-000077,1,73.36,0.15
LINE-0003159,ORD-001280,PROD-000370,1,81.46,0.15
LINE-0003160,ORD-001281,PROD-000100,3,581.54,0.15
LINE-0003161,ORD-001282,PROD-000273,1,176.37,0.05
LINE-0003162,ORD-001282,PROD-000285,5,54.06,0.0
LINE-0003163,ORD-001282,PROD-000409,1,17.15,0.2
LINE-0003164,ORD-001282,PROD-000382,1,15.21,0.0
LINE-0003165,ORD-001283,PROD-000493,1,37.65,0.0
LINE-0003166,ORD-001283,PROD-000003,1,266.03,0.05
LINE-0003167,ORD-001283,PROD-000052,1,627.92,0.0
LINE-0003168,ORD-001283,PROD-000299,1,105.58,0.1
LINE-0003169,ORD-001284,PROD-000327,2,45.09,0.0
LINE-0003170,ORD-001284,PROD-000123,3,90.3,0.05
LINE-0003171,ORD-001284,PROD-000290,1,233.92,0.0
LINE-0003172,ORD-001285,PROD-000085,1,735.76,0.05
LINE-0003173,ORD-001285,PROD-000025,1,384.33,0.2
LINE-0003174,ORD-001286,PROD-000168,2,107.92,0.15
LINE-0003175,ORD-001286,PROD-000041,2,1349.37,0.2
LINE-0003176,ORD-001286,PROD-000250,1,143.2,0.1
LINE-0003177,ORD-001286,PROD-000535,1,195.07,0.0
LINE-0003178,ORD-001287,PROD-000013,1,598.66,0.0
LINE-0003179,ORD-001287,PROD-000159,1,107.03,0.15
LINE-0003180,ORD-001287,PROD-000409,1,17.15,0.0
LINE-0003181,ORD-001287,PROD-000337,5,109.56,9.99
LINE-0003182,ORD-001288,PROD-000455,1,14.7,0.05
LINE-0003183,ORD-001288,PROD-000216,1,34.27,0.15
LINE-0003184,ORD-001288,PROD-000213,1,156.85,0.2
LINE-0003185,ORD-001289,PROD-000209,2,140.44,0.05
LINE-0003186,ORD-001289,PROD-000057,1,1133.52,0.25
LINE-0003187,ORD-001290,PROD-000276,1,210.53,0.0
LINE-0003188,ORD-001290,PROD-000022,1,990.09,0.2
LINE-0003189,ORD-001290,PROD-000524,2,122.29,0.25
LINE-0003190,ORD-001291,PROD-000526,1,15.1,0.25
LINE-0003191,ORD-001292,PROD-000176,4,216.35,0.0
LINE-0003192,ORD-001293,PROD-000097,1,1130.24,0.1
LINE-0003193,ORD-001294,PROD-000082,1,26.87,0.05
LINE-0003194,ORD-001294,PROD-000097,4,1130.24,0.0
LINE-0003195,ORD-001295,PROD-000395,3,81.33,0.1
LINE-0003196,ORD-001295,PROD-000105,1,1287.33,0.15
LINE-0003197,ORD-001295,PROD-000101,3,831.86,0.0
LINE-0003198,ORD-001295,PROD-000351,1,41.05,0.15
LINE-0003199,ORD-001296,PROD-000416,1,61.55,0.0
LINE-0003200,ORD-001296,PROD-000252,3,112.15,0.0
